TransactionID,isFraud,TransactionDT,TransactionAmt,card1,DeviceType,DeviceInfo,P_emaildomain,ProductCD,C1,C2,C3,C4,C5,V1,V2,V3,V4,V5,tx_hour_of_day,tx_day_of_cycle,tx_day_index,time_since_prev_tx,card1_prior_tx_count,card1_prior_amount_mean,card1_prior_amount_max,card1_amount_deviation_from_prior_mean,graph_card1_prior_degree,graph_shared_device_prior_tx_count,graph_shared_email_prior_tx_count,graph_neighborhood_prior_amt_sum,graph_neighborhood_prior_amt_mean,graph_relational_risk_score,y_true,y_prob,y_pred,error_type
2989000,1,2081851,261.2038002160453,1485,desktop,,hotmail.com,C,8.0,1.0,2.0,1.0,3.0,2.6178555044945244,-1.0312171595787436,-0.6595271507128677,-0.07479286893611085,2.3856597019552517,2,3,24,187841.0,6,108.78192152233578,222.73152913401458,152.42187869370952,6,393,404,652.6915291340147,108.78192152233578,6.391246872080648,1,0.9999999842637675,1,TP
2989001,0,2082455,77.97,1004,desktop,,anonymous.com,W,0.0,2.0,0.0,2.0,4.0,0.8131108814144848,-0.5568960405394962,-0.17946581891279842,0.46119988836307985,-0.7826422216084279,2,3,24,690053.0,3,57.21333333333334,128.67,20.75666666666666,3,394,372,171.64000000000001,57.21333333333334,6.365266974707305,0,4.966034782801663e-17,0,TN
2989002,0,2084597,276.78,1445,,Windows,gmail.com,W,4.0,2.0,3.0,2.0,3.0,1.502189639044374,0.24728213377355718,0.7623885106675673,-0.04951836408770023,-0.8726800254629117,3,3,24,,0,,,,0,376,403,0.0,0.0,6.360438546633731,0,1.432003978625188e-11,0,TN
2989003,0,2085071,37.87,1196,,iOS Device,,R,1.0,1.0,1.0,1.0,3.0,-1.2513144705804404,-0.21031654751234016,-0.9492410329664175,-0.5208298055551263,0.21166059333508644,3,3,24,295294.0,4,79.0375,129.57,-41.1675,4,423,384,316.15,79.0375,6.42389610344596,0,3.2157904569719307e-22,0,TN
2989004,0,2085654,204.67,1179,,Windows,,W,3.0,4.0,4.0,2.0,1.0,0.716896873325589,-0.4285075486671713,-0.8875343988726819,-0.19770343256142378,-0.752678618108265,3,3,24,128469.0,3,163.68333333333334,312.11,40.98666666666665,3,377,385,491.05,163.68333333333334,6.347038885602681,0,7.837062257508897e-17,0,TN
2989005,0,2086052,145.43,1341,,,anonymous.com,C,2.0,4.0,1.0,1.0,2.0,-1.3254095755004554,0.676338918657388,-0.17064105672002547,1.343205042801711,-0.1797418746087017,3,3,24,920069.0,5,50.936,98.69,94.494,5,395,373,254.68,50.936,6.368187186350492,0,7.886712498256566e-17,0,TN
2989006,0,2087009,29.48,1132,mobile,SM-G935F Build/NRD90M,,S,3.0,1.0,4.0,0.0,4.0,-0.657685030820274,0.44619389000917725,-0.011168853630267699,-0.6864157613165393,-1.7971806146854856,3,3,24,141027.0,2,177.88,298.18,-148.4,2,397,386,355.76,177.88,6.382154369633992,0,1.390872803822846e-22,0,TN
2989007,0,2087296,4.7,1442,mobile,Windows,hotmail.com,S,1.0,4.0,1.0,1.0,2.0,,0.45280635348924586,0.7876266818893658,-0.2084254553588291,-0.022564240462094234,3,3,24,119721.0,2,58.745000000000005,102.92,-54.045,2,378,405,117.49000000000001,58.745000000000005,6.365954850916716,0,1.1756896559455226e-88,0,TN
2989008,0,2087391,11.74,1323,mobile,,,R,0.0,3.0,2.0,1.0,3.0,-1.7746911496167403,-0.07617622186939438,0.22283818631464977,-1.3582651850024057,-0.5445464171491853,3,3,24,15782.0,9,106.64444444444445,272.86,-94.90444444444445,9,396,387,959.8000000000001,106.64444444444445,6.382492607418377,0,2.8650709245568355e-20,0,TN
2989009,0,2088724,131.38,1252,desktop,Windows,anonymous.com,C,2.0,0.0,1.0,2.0,2.0,-0.685108167663884,-0.714220621641616,0.4479484612036069,-1.5087026842746587,-0.2018357453544075,4,3,24,667582.0,3,159.11846566823473,461.90539700470424,-27.73846566823474,3,379,374,477.35539700470423,159.11846566823473,6.340888264332522,0,9.295270786681017e-20,0,TN
2989010,0,2089419,23.27,1264,,,hotmail.com,W,0.0,0.0,3.0,3.0,0.0,-0.08499615913907843,-1.257335323075483,0.15183011002648997,-1.2361785267116208,0.6138449884901979,4,3,24,91392.0,4,38.7175,112.17,-15.447500000000002,4,397,406,154.87,38.7175,6.399260270554429,0,2.602233458191052e-26,0,TN
2989011,0,2089674,47.41,1092,mobile,iOS Device,hotmail.com,R,0.0,6.0,3.0,2.0,1.0,-2.0784170708916943,-0.3235850676011856,-1.3923267837418591,-1.8033682606590755,0.47219428961441245,4,3,24,94472.0,2,125.47500000000001,165.83,-78.06500000000001,2,424,407,250.95000000000002,125.47500000000001,6.443654195389016,0,1.68112208988056e-22,0,TN
2989012,0,2090079,70.66,1149,mobile,,,H,2.0,3.0,1.0,2.0,2.0,-0.8293017215118991,0.11156383857816127,-1.578065439282081,-1.198574566854277,0.4139275223951259,4,3,24,988759.0,2,106.125,126.64,-35.465,2,398,388,212.25,106.125,6.385531610263777,0,2.1534141929615442e-26,0,TN
2989013,0,2090568,130.27,1410,mobile,MacOS,anonymous.com,C,2.0,1.0,1.0,0.0,1.0,-0.5171411592241882,0.8707266701193701,-2.165160706662121,0.45096367160333717,-0.5942803214598357,4,3,24,195846.0,6,194.82833333333335,295.82,-64.55833333333334,6,411,375,1168.97,194.82833333333335,6.397096307995467,0,4.971639233232398e-17,0,TN
2989014,0,2092432,13.02,1137,mobile,SM-G935F Build/NRD90M,,R,3.0,2.0,0.0,2.0,0.0,-0.7338645337703663,-0.28729586312058997,-1.2178733975704494,0.6802156454293337,0.4833948618712596,5,3,24,239141.0,5,83.262,150.98,-70.242,5,398,389,416.31,83.262,6.386879319362645,0,1.067052236531921e-25,0,TN
2989015,0,2092742,53.15,1207,desktop,,gmail.com,S,2.0,4.0,3.0,4.0,1.0,-0.5308055666277516,-1.182730426806908,-0.32505643899465314,-1.2422896268377177,-0.13226315818793677,5,3,24,77908.0,6,79.735,145.19,-26.585,6,399,404,478.40999999999997,79.735,6.401253626696201,0,2.4925316376103257e-22,0,TN
2989016,0,2094035,67.37,1489,desktop,Windows,gmail.com,R,2.0,2.0,1.0,1.0,1.0,0.32127919330285626,-1.3553905880221948,0.2665014397331217,-1.2370075509663538,-0.2938946411596474,5,3,24,213344.0,7,44.71498385838002,151.25488700866012,22.65501614161998,7,380,405,313.00488700866015,44.71498385838002,6.37024338995364,0,9.940259276073909e-26,0,TN
2989017,0,2094354,78.83,1124,desktop,Windows,hotmail.com,H,3.0,5.0,4.0,4.0,2.0,0.2033077315563064,0.20555830306866268,-2.441925336284439,-0.12353504331742356,0.6980598566339896,5,3,24,72214.0,9,84.83777777777779,243.8,-6.00777777777779,9,381,408,763.5400000000001,84.83777777777779,6.374854447564289,0,1.7221741006473786e-18,0,TN
2989018,0,2094587,171.57,1233,desktop,,,C,1.0,1.0,1.0,7.0,5.0,1.265786073403415,0.7988694662132801,-0.8403549800202467,2.2914143466249146,0.5370670754528742,5,3,24,238941.0,9,73.92777777777778,177.94,97.64222222222222,9,400,390,665.35,73.92777777777778,6.391749595174604,0,2.8646942926830256e-13,0,TN
2989019,0,2095354,19.84,1060,,MacOS,gmail.com,R,2.0,4.0,4.0,0.0,0.0,-0.25673789899256283,-1.3234094759261206,-0.557357368594239,-0.6965820612480891,0.4875307904248788,6,3,24,19703.0,10,89.473,380.23,-69.633,10,412,406,894.73,89.473,6.424869023905388,0,1.68112208988056e-22,0,TN
2989020,0,2095360,165.94,1306,desktop,,yahoo.com,W,2.0,0.0,1.0,5.0,2.0,-1.5197253641363964,1.1559042574444818,-0.5518195274593243,-0.30056004640273415,-0.4360153731436918,6,3,24,18414.0,8,71.425,130.89,94.515,8,401,437,571.4,71.425,6.431814057069648,0,2.8868339219074784e-18,0,TN
2989021,0,2095421,119.05,1265,desktop,iOS Device,gmail.com,C,3.0,2.0,5.0,2.0,2.0,-2.1192658839521537,-1.151190965594394,-0.542356644194721,1.2796847209944282,-0.5607497568827587,6,3,24,103671.0,5,145.96800000000002,314.02,-26.91800000000002,5,425,407,729.84,145.96800000000002,6.4457198193855785,0,1.1331926765570702e-19,0,TN
2989022,0,2099721,82.16,1133,mobile,MacOS,,R,2.0,2.0,3.0,3.0,3.0,1.3319335593900747,-0.7120143536708528,-1.4255658274893712,1.149555182316133,-1.1003901018113669,7,3,24,516349.0,2,100.325,150.55,-18.165000000000006,2,413,391,200.65,100.325,6.4129670329137705,0,1.390872803822846e-22,0,TN
2989023,0,2100810,121.24,1317,mobile,,,R,3.0,1.0,2.0,0.0,2.0,-0.06190720099367926,1.0244443291960084,-0.2609334601218379,0.7403111132689825,0.8883341988428897,7,3,24,476298.0,3,70.41000000000001,121.51,50.829999999999984,3,402,392,211.23000000000002,70.41000000000001,6.39576230746414,0,1.0476756407815131e-19,0,TN
2989024,0,2100884,54.11,1112,desktop,SM-G935F Build/NRD90M,gmail.com,C,3.0,1.0,1.0,2.0,3.0,0.29998542209766016,-0.4825741603104661,-0.9399670848686812,1.0059918011312459,0.6339857122554324,7,3,24,1222741.0,4,73.4075,158.99,-19.2975,4,399,408,293.63,73.4075,6.404236230398585,0,6.136702814805382e-20,0,TN
2989025,0,2102506,15.9,1388,,MacOS,,S,2.0,2.0,1.0,1.0,1.0,0.8164426761849533,-0.14317367206247064,1.2427902222507297,1.237943967935711,0.7348071258113223,8,3,24,,0,,,,0,414,393,0.0,0.0,6.415914955127227,0,6.46523147681538e-20,0,TN
2989026,0,2102811,110.59,1377,,,,W,0.0,2.0,0.0,1.0,0.0,,0.3955812508965133,1.099996019763058,-0.5242066566987952,-1.7290432505626334,8,3,24,526375.0,3,77.91666666666667,176.14,32.67333333333333,3,403,394,233.75,77.91666666666667,6.3990939780455225,0,1.2712902008935472e-15,0,TN
2989027,0,2103116,75.38,1453,desktop,SM-G935F Build/NRD90M,yahoo.com,C,3.0,3.0,3.0,1.0,1.0,1.2063310525183664,1.1926633190580551,-0.8770754247984043,0.5049889847366762,0.027451767101401233,8,3,24,397581.0,2,50.365,52.14,25.014999999999993,2,400,438,100.73,50.365,6.430042006666349,0,3.023276743976866e-20,0,TN
2989028,0,2103507,102.99,1190,desktop,,hotmail.com,W,3.0,0.0,4.0,2.0,3.0,0.7431512083521495,-0.08822971297466745,-0.7532700577444318,-0.3982711811387387,-1.5156317596151656,8,3,24,304604.0,4,141.445,328.91,-38.455,4,404,409,565.78,141.445,6.413295009302411,0,5.3048150701086774e-20,0,TN
2989029,0,2104563,42.25,1378,,iOS Device,,W,3.0,2.0,3.0,0.0,4.0,0.98738196150843,0.11012207665495496,1.7537566690081874,-0.8273105340624552,-1.1587784815237507,8,3,24,176515.0,5,182.80147721810818,347.78,-140.55147721810818,5,426,395,914.0073860905409,182.80147721810818,6.437751649736401,0,1.390872803822846e-22,0,TN
2989030,0,2106720,238.37,1439,,Windows,anonymous.com,C,2.0,1.0,1.0,1.0,1.0,-0.8207823374714198,-0.16998887155408107,-1.4300678016667154,0.5457625214046135,1.440711051421421,9,3,24,142349.0,7,141.3908592869927,301.13,96.9791407130073,7,382,376,989.7360150089489,141.3908592869927,6.348614378269926,0,4.093424980476875e-14,0,TN
2989031,0,2107236,89.52,1186,mobile,,hotmail.com,R,2.0,1.0,0.0,1.0,1.0,0.7702255154223314,-1.392800193326426,0.043429272431721115,-0.2243086869524945,-0.9972025744007836,9,3,24,1266540.0,4,15.335,36.38,74.185,4,405,410,61.34,15.335,6.4157514094567345,0,4.882452612971165e-15,0,TN
2989032,0,2108300,9.93,1318,desktop,MacOS,hotmail.com,S,2.0,4.0,0.0,2.0,2.0,0.4264622759219103,1.2844558593676396,1.4656575470825104,-0.13299084817401036,-0.5106648892246319,9,3,24,122408.0,4,241.3661312234429,342.4845248937716,-231.43613122344289,4,415,411,965.4645248937716,241.3661312234429,6.432779308109843,0,2.522794573997789e-22,0,TN
2989033,0,2108634,60.75,1366,mobile,,anonymous.com,W,3.0,0.0,1.0,3.0,1.0,-0.9649257875916424,-2.9278179315154773,-0.9281311858263515,1.1702829993431085,-0.4442979952554371,9,3,24,215084.0,3,223.98,368.93,-163.23,3,406,377,671.9399999999999,223.98,6.3899050402791815,0,1.1601515773082883e-22,0,TN
2989034,0,2112795,142.2,1088,mobile,,gmail.com,W,2.0,5.0,4.0,0.0,0.0,1.5892588132989662,0.3023653346411667,-1.6103514752251662,0.369809080501168,-0.8948963741455129,10,3,24,924551.0,8,103.285,229.23,38.91499999999999,8,407,409,826.28,103.285,6.418854212631938,0,1.216060462422159e-12,0,TN
2989035,0,2112980,159.05,1186,desktop,,yahoo.com,R,1.0,0.0,4.0,3.0,2.0,-0.10276046207653522,1.1469890457509124,-0.5577567234191525,-0.1518112340328841,-0.9822394680703631,10,3,24,5744.0,5,30.172000000000004,89.52,128.87800000000001,5,408,439,150.86,30.172000000000004,6.444131256700441,0,6.668922969513502e-16,0,TN
2989036,0,2113083,69.24,1306,mobile,,,C,3.0,1.0,0.0,0.0,1.0,-1.7607177404140202,1.2992690885334375,-0.2870633329740001,-0.10166134389162002,-1.7646511324097274,10,3,24,17723.0,9,81.92666666666666,165.94,-12.686666666666667,9,409,396,737.3399999999999,81.92666666666666,6.411654050614528,0,1.8488863768720004e-22,0,TN
2989037,0,2113193,226.14,1433,mobile,MacOS,gmail.com,S,2.0,5.0,4.0,2.0,1.0,0.7191508984931196,-0.82994541857546,0.14570904296591128,-1.3670809999797622,-1.142271549860761,10,3,24,731491.0,5,94.10549733249805,266.4374866624902,132.03450266750195,5,416,410,470.5274866624902,94.10549733249805,6.4337436283388625,0,4.9870316853302056e-14,0,TN
2989038,0,2113810,32.15,1131,desktop,MacOS,anonymous.com,W,2.0,6.0,1.0,3.0,0.0,0.49732255122505864,0.39890417998898586,0.09628852970396808,0.685296223275119,0.18715141483929756,11,3,24,1230753.0,2,37.964999999999996,71.22,-5.814999999999998,2,417,378,75.92999999999999,37.964999999999996,6.408858226081421,0,5.98124570926241e-20,0,TN
2989039,0,2115854,53.86,1359,,,yahoo.com,W,2.0,2.0,1.0,3.0,1.0,,-0.8676751453368085,0.3719942821898023,-0.12843126793865667,-0.6762732225032284,11,3,24,,0,,,,0,410,440,0.0,0.0,6.447305862541213,0,7.842475725124866e-20,0,TN
2989040,0,2119750,229.87,1122,,Windows,yahoo.com,C,3.0,2.0,1.0,4.0,2.0,0.5756070589018311,-0.6876100732724155,-2.6405053624464125,-0.23027434560791438,-0.6734915638580306,12,3,24,46232.0,6,105.79,317.94,124.08,6,383,441,634.74,105.79,6.405393733628276,0,4.0309359620682206e-14,0,TN
2989041,0,2120043,227.58,1047,desktop,,yahoo.com,R,0.0,4.0,3.0,4.0,4.0,-0.8346497032129102,1.1428537422497418,0.03821715518845086,1.6084401543006202,-2.5316000642790706,12,3,24,115326.0,6,109.88833333333332,241.29,117.69166666666669,6,411,442,659.3299999999999,109.88833333333332,6.451417840500216,0,6.559852490955689e-15,0,TN
2989042,0,2120301,116.74,1287,,MacOS,anonymous.com,H,0.0,3.0,0.0,3.0,4.0,0.4704542029712759,0.07806609831042907,-0.7436006281831606,0.8002513192304092,-0.6743616546711659,12,3,24,535712.0,7,97.39,346.23,19.349999999999994,7,418,379,681.73,97.39,6.412146621021007,0,4.63769854897034e-17,0,TN
2989043,0,2122248,196.89,1375,desktop,iOS Device,gmail.com,R,1.0,2.0,2.0,2.0,2.0,0.752779883570132,0.2610863754292068,1.2887342103254906,0.21022002310505603,2.136484730885174,13,3,24,423686.0,6,23.118333333333336,43.0,173.77166666666665,6,427,411,138.71,23.118333333333336,6.452206670705986,0,2.9774160948040636e-12,0,TN
2989044,0,2123315,10.3,1178,,,,W,1.0,5.0,1.0,2.0,2.0,0.3457649830755458,0.8570296105438027,0.729038952289493,0.39192158433914215,-0.7569247193854001,13,3,24,786760.0,2,27.28,38.03,-16.98,2,412,397,54.56,27.28,6.416241966248519,0,8.636446912764395e-26,0,TN
2989045,0,2124835,201.24,1179,desktop,,yahoo.com,W,1.0,0.0,2.0,5.0,2.0,0.01805546188047456,1.06882123964348,0.9582961062650962,1.1243975984853651,0.8081683754713798,14,3,24,39181.0,4,173.93,312.11,27.310000000000002,4,413,443,695.72,173.93,6.455041318273362,0,3.2524855331088627e-20,0,TN
2989046,0,2124849,39.66,1098,desktop,,yahoo.com,S,7.0,3.0,4.0,0.0,1.0,-0.153821957204138,-0.18107823634734715,0.9778485947930146,-0.21140879724620845,-0.7907521019854749,14,3,24,1886993.0,1,52.66,52.66,-13.0,1,414,444,52.66,52.66,6.456926629122442,0,4.559898109778058e-07,0,TN
2989047,0,2124940,20.64,1329,mobile,,gmail.com,R,1.0,2.0,2.0,1.0,2.0,1.4258102431501103,-1.6639076803407629,0.1291871945829456,0.7334371008278285,0.3865455715447921,14,3,24,832877.0,3,37.17666666666667,67.02,-16.53666666666667,3,415,412,111.53,37.17666666666667,6.433422291575172,0,1.1756896559455226e-88,0,TN
2989048,0,2129223,28.36,1033,mobile,SM-G935F Build/NRD90M,yahoo.com,H,1.0,1.0,3.0,2.0,3.0,-0.5471954162362356,-0.2958272254099837,-0.48411030517485193,-1.0584046872083914,1.5654589738713556,15,3,24,,0,,,,0,401,445,0.0,0.0,6.436951329565632,0,1.598660249833506e-20,0,TN
2989049,0,2129399,55.12,1419,,,yahoo.com,S,2.0,3.0,3.0,1.0,2.0,0.10035118252049426,0.6184231633224341,-0.16863031572987083,0.24191385770991203,-0.042270493837357516,15,3,24,782613.0,3,90.5,168.74,-35.38,3,416,446,271.5,90.5,6.461936816524757,0,2.522794573997789e-22,0,TN
2989050,0,2129437,29.93,1069,desktop,MacOS,anonymous.com,H,2.0,3.0,4.0,4.0,4.0,-0.10026133698705673,-1.5650429967806838,0.9210457712926094,-1.6353232599180665,-0.4895678604608732,15,3,24,690473.0,4,121.16,216.83,-91.22999999999999,4,419,380,484.64,121.16,6.414114479970247,0,1.390872803822846e-22,0,TN
2989051,0,2129738,39.65,1170,desktop,MacOS,hotmail.com,S,0.0,2.0,2.0,1.0,1.0,0.3394620584187215,-0.49327829669296397,-0.30379375593584396,0.15677080169392663,0.08196176905236299,15,3,24,379117.0,4,78.945,94.7,-39.294999999999995,4,420,412,315.78,78.945,6.441584295756578,0,5.71637403288849e-26,0,TN
2989052,0,2130824,15.5,1365,mobile,SM-G935F Build/NRD90M,gmail.com,R,5.0,0.0,1.0,2.0,2.0,,-0.4088829100725063,0.06845844310962776,1.2560079920632734,-0.9867941457672188,15,3,24,1649884.0,2,200.04500000000002,371.54,-184.54500000000002,2,402,413,400.09000000000003,200.04500000000002,6.4129670329137705,0,6.233406714758187e-13,0,TN
2989053,0,2130891,36.12,1271,mobile,,gmail.com,W,1.0,3.0,0.0,1.0,2.0,1.2175856201876192,0.2366925805765148,-0.1099600445864771,-0.5129404969699853,0.13287745801224504,15,3,24,982108.0,2,25.565,44.46,10.554999999999996,2,417,414,51.13,25.565,6.438071598547322,0,4.1261882745447706e-20,0,TN
2989054,0,2132875,85.93,1058,desktop,Windows,gmail.com,H,1.0,1.0,0.0,3.0,2.0,0.6641397093736288,-0.6387414523494678,-0.2756129633148064,0.058761385236699444,-0.09337456292780784,16,3,24,654937.0,7,86.25428571428571,160.95,-0.3242857142857076,7,384,415,603.78,86.25428571428571,6.385531610263777,0,2.1534141929615442e-26,0,TN
2989055,0,2135291,59.31,1180,mobile,,anonymous.com,R,5.0,2.0,2.0,2.0,3.0,,0.04444220751910791,1.2442602632813722,-0.6934756823251341,0.294765705113636,17,3,24,1396426.0,2,38.455,55.36,20.855000000000004,2,418,381,76.91,38.455,6.4129670329137705,0,1.4088127959584562e-09,0,TN
2989056,0,2135765,43.57,1018,,MacOS,anonymous.com,H,2.0,3.0,1.0,3.0,1.0,0.40810101787065833,-1.1484761547875726,-0.5352421433314273,0.22898994578398038,-2.126830131700971,17,3,24,80824.0,4,163.68,429.14,-120.11000000000001,4,421,382,654.72,163.68,6.419017251680151,0,1.68112208988056e-22,0,TN
2989057,0,2136327,138.22,1225,,iOS Device,,R,2.0,0.0,1.0,2.0,1.0,1.4189251539064445,0.47748883980850293,-1.1316525063461986,-1.1103111206046845,0.04503722342047154,17,3,24,640073.0,5,177.96226423090633,430.3813211545316,-39.74226423090633,5,428,398,889.8113211545316,177.96226423090633,6.443336028030302,0,5.088303068965752e-18,0,TN
2989058,0,2136349,224.97,1472,,iOS Device,anonymous.com,S,1.0,1.0,1.0,4.0,3.0,-1.090679824876828,0.42649546253809245,0.670896908141788,-1.1238533320828639,0.5787313413409123,17,3,24,186713.0,6,48.73166666666666,113.46,176.23833333333334,6,429,383,292.39,48.73166666666666,6.433100851520974,0,2.4376308234727407e-12,0,TN
2989059,0,2137131,142.38,1094,desktop,Windows,gmail.com,R,2.0,2.0,2.0,2.0,1.0,-0.3001098431018583,3.36274960257979,-0.1575793037759011,0.47226327294709064,-0.04153917187145027,17,3,24,129517.0,9,88.53666666666668,243.84,53.84333333333332,9,385,416,796.83,88.53666666666668,6.38839332419386,0,4.2581085263368264e-18,0,TN
2989060,0,2137931,41.35,1368,,,,S,1.0,1.0,0.0,5.0,2.0,-0.6857719714497796,-1.006819672294366,-0.5859225451858854,-0.9569238191513065,0.8873361298373049,17,3,24,1338305.0,1,224.78,224.78,-183.43,1,419,399,224.78,224.78,6.429074108542713,0,2.6887396619218866e-17,0,TN
2989061,0,2139890,137.43,1296,desktop,SM-G935F Build/NRD90M,hotmail.com,W,4.0,1.0,3.0,2.0,2.0,0.6719888793408102,-0.41384189704174723,-0.4879404669082833,1.5132886108689512,-0.9743744985838914,18,3,24,355590.0,4,60.665,101.72,76.76500000000001,4,403,413,242.66,60.665,6.414933279655721,0,6.140448671507792e-16,0,TN
2989062,0,2140007,17.49,1080,mobile,,yahoo.com,S,2.0,3.0,2.0,1.0,3.0,,1.311382613057446,-0.3586230193125602,1.468624505373624,-0.7241548929256695,18,3,24,458131.0,3,39.31666666666667,60.42,-21.82666666666667,3,420,447,117.95,39.31666666666667,6.468940191192418,0,2.3443643278536605e-18,0,TN
2989063,0,2141180,14.96,1174,mobile,Windows,yahoo.com,C,0.0,4.0,0.0,3.0,7.0,-1.5908063608142637,-1.5970273266302664,-0.7414814829372696,-0.972792170915484,0.5975228304031776,18,3,24,181359.0,6,120.84166666666668,304.79,-105.88166666666669,6,386,448,725.0500000000001,120.84166666666668,6.416078474054907,0,3.905219285809659e-17,0,TN
2989064,0,2141955,43.41,1221,,Windows,,W,2.0,3.0,2.0,2.0,5.0,-0.619684628862752,2.74799014052049,1.5545669528835226,2.274397301497039,0.8446308157459107,18,3,24,369262.0,3,102.50333333333333,174.73,-59.093333333333334,3,387,400,307.51,102.50333333333333,6.37723702187041,0,2.8650709245568355e-20,0,TN
2989065,1,2142123,218.4421560740129,1102,,Windows,hotmail.com,R,14.0,2.0,2.0,2.0,2.0,2.180800699720145,-0.496272554161042,1.089417492665809,-0.04757672929853682,1.3077879632010747,19,3,24,1825520.0,1,49.06,49.06,169.3821560740129,1,388,414,49.06,49.06,6.390408438225881,1,0.9999995707473637,1,TP
2989066,0,2145252,29.28,1053,,iOS Device,yahoo.com,R,2.0,2.0,3.0,2.0,1.0,0.4684576871252566,-1.532429482393547,-1.2913486785092054,0.013725712340872522,0.200974355297287,19,3,24,646562.0,6,72.905,127.59,-43.625,6,430,449,437.43,72.905,6.4863132163508315,0,4.373357445814076e-26,0,TN
2989067,0,2147483,7.53,1182,,,,C,2.0,6.0,0.0,0.0,2.0,-0.1642692577340701,0.4322422232522889,-0.6237264903893383,0.838502346365722,-1.8509651390227595,20,3,24,580077.0,6,95.70833333333333,173.51,-88.17833333333333,6,421,401,574.25,95.70833333333333,6.434707019550176,0,2.1534141929615442e-26,0,TN
2989068,0,2148174,15.12,1350,,,anonymous.com,R,0.0,3.0,2.0,3.0,1.0,-0.943650861694208,0.055758903557827824,-0.36550375539631264,1.3753102592255109,1.1614125440662322,20,3,24,473759.0,3,229.61,334.41,-214.49,3,422,384,688.83,229.61,6.422109953746444,0,1.3105400171328887e-20,0,TN
2989069,1,2149899,398.00146768871826,1402,,SM-G935F Build/NRD90M,gmail.com,W,16.0,0.0,5.0,1.0,1.0,,-0.9972503497977938,-2.338810240902957,1.3587902167260193,0.31052415185384064,21,3,24,91643.0,5,76.474,207.78,321.5274676887183,5,404,417,382.37,76.474,6.419994928147142,1,0.9782384257120755,1,TP
2989070,0,2151553,101.45,1317,mobile,Windows,hotmail.com,W,2.0,3.0,3.0,2.0,1.0,0.5119644464204093,-0.6619398785329815,-0.6763580804176749,2.0433682307819017,0.20144602378500434,21,3,24,50743.0,4,83.1175,121.51,18.332499999999996,4,389,415,332.47,83.1175,6.393423515886859,0,1.3988335486910144e-18,0,TN
2989071,0,2153759,30.2,1354,desktop,Windows,yahoo.com,S,1.0,2.0,1.0,3.0,3.0,0.442945822451025,0.6785934644957451,0.4657800096179545,0.4311886030302144,1.5502179063393087,22,3,24,689113.0,2,50.839999999999996,85.24,-20.639999999999997,2,390,450,101.67999999999999,50.839999999999996,6.423571586162567,0,6.09366236482739e-20,0,TN
2989072,0,2154201,82.03,1348,desktop,MacOS,gmail.com,H,0.0,1.0,4.0,3.0,3.0,0.27800617384392456,-1.313046319380253,-0.2193173929312503,0.4185620231323147,0.7347672246242191,22,3,24,354665.0,6,109.75,398.7,-27.72,6,422,418,658.5,109.75,6.449838310871549,0,3.433655636448478e-20,0,TN
2989073,0,2159690,75.99,1442,desktop,MacOS,,R,1.0,3.0,5.0,1.0,0.0,-1.117941311969792,0.6552991194327066,1.2705724934745324,0.4546136921704806,0.8704866459657477,23,3,24,72394.0,3,40.73,102.92,35.26,3,423,402,122.19,40.73,6.438231534573252,0,4.5646915864121885e-17,0,TN
2989074,0,2161420,107.55,1320,mobile,iOS Device,yahoo.com,C,0.0,1.0,3.0,1.0,2.0,0.11824626941853315,-0.6656857379638121,0.3992455963202069,0.16447602712598525,-2.025504697838433,0,4,25,136116.0,4,181.60935547310189,267.89,-74.05935547310189,4,431,451,726.4374218924075,181.60935547310189,6.489052944091952,0,3.635089347210701e-18,0,TN
2989075,0,2161806,27.55,1067,mobile,,gmail.com,W,3.0,4.0,3.0,2.0,3.0,-2.2957310697742903,2.6353211798642793,1.4003147758959442,-1.3820088146946272,-0.49257942460580895,0,4,25,150810.0,4,44.5125,88.54,-16.962500000000002,4,423,419,178.05,44.5125,6.4518912132901205,0,1.7869911234615518e-26,0,TN
2989076,0,2163096,200.81,1027,mobile,SM-G935F Build/NRD90M,anonymous.com,W,3.0,2.0,2.0,2.0,3.0,0.4087115872532768,1.5313434003082134,0.6606335370560952,-2.045058897427696,0.9868571036417937,0,4,25,834861.0,2,122.345,216.71,78.465,2,405,385,244.69,122.345,6.394760637931307,0,4.386173791561822e-13,0,TN
2989077,0,2164407,38.01,1273,,SM-G935F Build/NRD90M,hotmail.com,W,3.0,1.0,1.0,2.0,2.0,,-1.2805693885395453,-0.1448960092008374,-0.9990137807368717,-0.05833140147061692,1,4,25,97717.0,4,246.07,607.29,-208.06,4,406,416,984.28,246.07,6.422272462887942,0,1.68112208988056e-22,0,TN
2989078,0,2166554,119.46,1281,,Windows,,H,1.0,3.0,3.0,2.0,2.0,-0.7678956285411526,-0.4061763573944237,-1.0294514207762582,0.8448261886467091,0.49534906813546975,1,4,25,183934.0,5,64.672024808468,214.79012404234,54.787975191532,5,391,403,323.36012404234,64.672024808468,6.386879319362645,0,1.889588030635529e-19,0,TN
2989079,0,2168663,2.63,1359,desktop,SM-G935F Build/NRD90M,yahoo.com,H,0.0,1.0,2.0,2.0,1.0,0.03912722707691314,0.8939885340212874,-1.1746163486881855,-0.19567332961853248,0.21345487092930795,2,4,25,52809.0,1,53.86,53.86,-51.23,1,407,452,53.86,53.86,6.452206670705986,0,4.471180901610972e-17,0,TN
2989080,0,2169992,47.63,1402,desktop,Windows,anonymous.com,R,3.0,1.0,3.0,1.0,4.0,0.26028726719201034,-2.946268927782396,0.3076034524819623,-1.0556393977820582,0.9944286335840944,2,4,25,20093.0,6,130.06191128145304,398.00146768871826,-82.43191128145304,6,392,386,780.3714676887182,130.06191128145304,6.37434315654335,0,2.903729757955749e-17,0,TN
2989081,0,2170698,44.34,1310,mobile,,hotmail.com,C,2.0,1.0,3.0,2.0,1.0,-1.267298103119539,-0.916762158062983,0.9143063140178107,1.1953620731970183,-1.2769128797448512,2,4,25,443049.0,2,107.505,162.87,-63.16499999999999,2,424,417,215.01,107.505,6.451575656329472,0,2.1534141929615442e-26,0,TN
2989082,0,2171659,79.41,1118,desktop,SM-G935F Build/NRD90M,hotmail.com,H,0.0,3.0,0.0,2.0,1.0,-0.677917679249152,-0.4812014789140397,0.14248828701571895,-0.5920768193327508,-1.6653518223155699,3,4,25,798423.0,3,108.26,166.46,-28.85000000000001,3,408,418,324.78000000000003,108.26,6.426973776564523,0,2.1534141929615442e-26,0,TN
2989083,0,2172613,8.55,1379,,Windows,anonymous.com,S,4.0,1.0,1.0,2.0,0.0,-1.2812840670969432,-1.5296764992186969,0.4430556200780654,-2.2781510362109394,-0.21723604122519288,3,4,25,180934.0,4,89.6075,187.35,-81.0575,4,393,387,358.43,89.6075,6.376556865408209,0,6.034586614711391e-20,0,TN
2989084,0,2173658,157.13,1440,mobile,,yahoo.com,H,3.0,1.0,5.0,4.0,2.0,1.1569203899861094,0.0151829063762801,0.6821402331874203,-1.218522678937905,0.37323645815378126,3,4,25,788992.0,3,63.68333333333334,121.9,93.44666666666666,3,425,453,191.05,63.68333333333334,6.481270803649897,0,8.452481701022197e-13,0,TN
2989085,0,2175671,25.56,1133,mobile,,hotmail.com,W,1.0,0.0,3.0,1.0,1.0,-0.7066431511817386,-0.41668934318013234,-0.4052627782931589,-0.559275020435479,-0.5106258380252208,4,4,25,75950.0,3,94.27,150.55,-68.71,3,426,419,282.81,94.27,6.456455634530173,0,1.68112208988056e-22,0,TN
2989086,0,2176612,114.02,1128,,Windows,,C,1.0,2.0,2.0,3.0,1.0,-0.06520290875913408,-0.8379640911153321,0.47090304658724835,-0.7945094407988198,-0.05204635786881352,4,4,25,490420.0,2,127.94,241.72,-13.920000000000002,2,394,404,255.88,127.94,6.392252065665035,0,4.7271155177885245e-20,0,TN
2989087,0,2176945,163.56,1007,,Windows,gmail.com,R,2.0,1.0,1.0,0.0,3.0,0.2129311175060208,1.397525345763663,0.5366391237293806,-0.12216556825952292,-1.3752580012410747,4,4,25,382622.0,3,143.25453367043988,351.4736010113196,20.30546632956012,3,395,420,429.7636010113196,143.25453367043988,6.407374913077685,0,3.022439806921991e-14,0,TN
2989088,0,2177184,83.53,1480,desktop,iOS Device,,H,1.0,3.0,1.0,1.0,2.0,0.6683361002058595,0.8460203882048841,-1.1099040878684536,0.2675248489318826,-1.2917866743208208,4,4,25,487238.0,10,65.392,239.34,18.138000000000005,10,432,405,653.92,65.392,6.4559844179974615,0,3.1749443805741698e-27,0,TN
2989089,0,2178035,136.05,1050,,,hotmail.com,W,1.0,2.0,3.0,4.0,4.0,0.5061720786205801,0.8322429453417711,0.16458457653043365,0.2918591446007435,-0.7014493570999911,5,4,25,498190.0,3,55.36666666666667,110.28,80.68333333333334,3,427,420,166.1,55.36666666666667,6.458808392262012,0,2.1899885042241558e-18,0,TN
2989090,0,2178501,109.43,1490,mobile,Windows,gmail.com,S,2.0,1.0,2.0,1.0,0.0,0.5855655356385533,0.031506489620720196,0.4152823026128524,-0.1323003323150121,0.863310470603884,5,4,25,589764.0,3,156.08333333333334,337.73,-46.653333333333336,3,396,421,468.25000000000006,156.08333333333334,6.409845880482693,0,2.2770741439383622e-18,0,TN
2989091,0,2179773,44.93,1340,desktop,,anonymous.com,S,2.0,3.0,3.0,6.0,2.0,-1.171150006025783,0.3319852034899065,0.3716494201368968,0.9586205165537834,0.4270661254424452,5,4,25,1403997.0,2,130.405,152.43,-85.475,2,428,388,260.81,130.405,6.4348674945565385,0,2.2712520949399604e-22,0,TN
2989092,0,2180557,166.47,1471,desktop,SM-G935F Build/NRD90M,gmail.com,R,4.0,1.0,1.0,3.0,1.0,,1.7148772934396195,0.27259234331399235,1.0953155669961063,0.715643732690487,5,4,25,1181430.0,5,99.56971068869572,299.68855344347855,66.90028931130428,5,409,422,497.8485534434786,99.56971068869572,6.432135910950766,0,5.003118495804097e-15,0,TN
2989093,0,2180929,35.91,1280,mobile,MacOS,gmail.com,R,0.0,1.0,4.0,3.0,3.0,-1.3822848860484804,-1.179136969977351,0.7840566626005102,0.5343458477463621,0.9052281800558685,5,4,25,109233.0,5,72.91718619566743,123.85,-37.00718619566743,5,424,423,364.58593097833716,72.91718619566743,6.456769655572163,0,2.8703022450488097e-22,0,TN
2989094,0,2181905,85.68,1174,desktop,MacOS,gmail.com,H,3.0,2.0,1.0,1.0,1.0,0.3992486314043566,-1.0257188914848576,2.1988956655774845,1.0354403855724281,2.4078691686568607,6,4,25,40725.0,7,105.71571428571428,304.79,-20.035714285714278,7,425,424,740.01,105.71571428571428,6.459434860567543,0,4.276546112098519e-20,0,TN
2989095,0,2182994,137.81,1182,desktop,Windows,hotmail.com,R,2.0,2.0,2.0,1.0,2.0,1.260223082820758,1.1014169110414778,0.1942002354043224,-1.4372304246779517,-1.5186708410068968,6,4,25,35511.0,7,83.11142857142856,173.51,54.69857142857144,7,397,421,581.78,83.11142857142856,6.412146621021007,0,5.787178694902525e-18,0,TN
2989096,0,2184614,48.64,1191,mobile,Windows,yahoo.com,W,1.0,1.0,1.0,3.0,2.0,-1.0960116803335782,0.5384164280953483,1.5817889284592022,-2.023726613868604,-0.8618318295503694,6,4,25,275664.0,4,113.0975,284.5,-64.4575,4,398,454,452.39,113.0975,6.439989144676593,0,1.68112208988056e-22,0,TN
2989097,0,2184804,37.06,1248,,,hotmail.com,W,1.0,2.0,1.0,1.0,1.0,-1.4258737340390966,-0.5747686311764203,-1.698175855918303,-0.989799126365139,1.335616490137669,6,4,25,255004.0,8,116.69249134721227,265.47993077769814,-79.63249134721227,8,429,422,933.5399307776981,116.69249134721227,6.464276728675756,0,2.1534141929615442e-26,0,TN
2989098,0,2186421,62.5,1234,desktop,Windows,yahoo.com,W,5.0,1.0,4.0,1.0,1.0,1.661650372188844,0.4510582323326846,0.14264299290165006,0.34138421102520533,-0.1844323310903769,7,4,25,150999.0,11,99.3656528322971,278.67218115526805,-36.8656528322971,11,399,455,1093.022181155268,99.3656528322971,6.4434951243634675,0,5.252541398270239e-11,0,TN
2989099,0,2186743,171.35,1082,desktop,,anonymous.com,H,2.0,1.0,1.0,3.0,3.0,-0.5867844638078229,-1.1334287442694322,-1.576275608200168,0.9890435043083708,0.481426665142862,7,4,25,254419.0,2,33.335,59.1,138.015,2,430,389,66.67,33.335,6.438871023004318,0,2.1068089808033754e-18,0,TN
2989100,0,2191083,266.81,1092,,Windows,anonymous.com,H,4.0,1.0,3.0,2.0,2.0,0.5769419662337997,0.4037308513811377,-0.5060896557255884,-1.0574017902692279,-1.1960889203917602,8,4,25,101409.0,3,99.45333333333333,165.83,167.35666666666668,3,400,390,298.36,99.45333333333333,6.39074389612906,0,3.0143592150360017e-15,0,TN
2989101,0,2191458,79.76,1372,desktop,,anonymous.com,R,2.0,2.0,2.0,3.0,1.0,-1.6179756436324781,-0.6787452955454091,1.6884355595562923,0.38025319071444197,0.301937234669581,8,4,25,122815.0,3,158.61666666666665,405.46,-78.85666666666664,3,431,391,475.84999999999997,158.61666666666665,6.442221644407853,0,2.1534141929615442e-26,0,TN
2989102,0,2192630,109.31,1393,,Windows,anonymous.com,H,4.0,1.0,1.0,1.0,2.0,0.9145956506941076,1.529500211090125,0.8018466917126348,0.9831953587268151,1.0469080682525531,9,4,25,152121.0,2,14.465,22.49,94.845,2,401,392,28.93,14.465,6.393925146195848,0,3.953519664079982e-14,0,TN
2989103,0,2193092,234.59,1311,mobile,iOS Device,anonymous.com,W,2.0,0.0,1.0,0.0,1.0,1.0673435995803768,0.3176621383974,0.1085970358997134,-0.4410422526061287,-0.12803978205085453,9,4,25,1318432.0,1,49.53,49.53,185.06,1,433,393,49.53,49.53,6.446671747110961,0,1.8576638343732932e-09,0,TN
2989104,0,2195841,11.37,1267,desktop,,,C,0.0,2.0,1.0,3.0,1.0,1.5830574728369913,0.014385155157528329,1.1428233954195002,-0.5261416721610581,0.4279022387278358,9,4,25,1022561.0,5,109.378,247.32,-98.008,5,432,406,546.89,109.378,6.4559844179974615,0,2.1714684264373893e-18,0,TN
2989105,0,2196218,27.41,1416,desktop,iOS Device,hotmail.com,W,1.0,3.0,1.0,1.0,2.0,,-0.2838464182321411,0.25212048666793596,0.7513977993654829,0.2938665628620061,10,4,25,217754.0,11,64.55636363636364,196.09,-37.146363636363645,11,434,423,710.12,64.55636363636364,6.47327322180348,0,1.1756896559455226e-88,0,TN
2989106,0,2196776,124.41,1119,desktop,iOS Device,yahoo.com,C,0.0,2.0,0.0,1.0,0.0,-0.9208702314916128,0.3065767054225851,-0.3982075314189884,-0.7905461096089597,0.8190590424735048,10,4,25,860648.0,2,98.865,144.7,25.545,2,435,456,197.73,98.865,6.498583308942647,0,2.5405585144410418e-17,0,TN
2989107,0,2197538,174.58,1070,desktop,iOS Device,anonymous.com,R,1.0,4.0,2.0,0.0,4.0,1.2384261654907298,0.855460978411393,-1.6995946577506744,-0.7771174912654006,-0.8843714925492131,10,4,25,321522.0,4,138.74,338.66,35.84,4,436,394,554.96,138.74,6.452679670320638,0,8.948605674675942e-15,0,TN
2989108,0,2201185,195.51,1016,desktop,iOS Device,,S,1.0,0.0,2.0,0.0,4.0,0.5046495796359184,-0.27542591418273127,0.4244746180107604,-0.30875696520730855,-1.6390992654236913,11,4,25,203838.0,6,133.24333333333334,305.21,62.26666666666665,6,437,407,799.46,133.24333333333334,6.464744054800002,0,3.838824859995682e-14,0,TN
2989109,0,2201192,54.63,1252,mobile,SM-G935F Build/NRD90M,,H,2.0,1.0,2.0,3.0,1.0,-0.05389492626537523,1.972043608621372,-0.9647297039771786,-0.2151074108823306,0.4012260011241316,11,4,25,112468.0,4,152.18384925117607,461.90539700470424,-97.55384925117608,4,410,408,608.7353970047043,152.18384925117607,6.422272462887942,0,2.1534141929615442e-26,0,TN
2989110,0,2202210,10.36,1444,desktop,MacOS,,H,1.0,0.0,4.0,0.0,3.0,0.2435520513719885,-0.15608745169970561,-0.01155160131624705,-0.39716676392138156,0.8864731829718396,11,4,25,496749.0,6,251.08077590619544,544.65,-240.72077590619546,6,426,409,1506.4846554371727,251.08077590619544,6.449047609478253,0,1.390872803822846e-22,0,TN
2989111,0,2202304,58.59,1121,mobile,SM-G935F Build/NRD90M,hotmail.com,W,1.0,1.0,1.0,3.0,0.0,2.0642932258635653,0.5518040161796479,-0.11298391995732422,-2.8943278677625135,1.9061463134379537,11,4,25,423776.0,5,135.09154044915695,258.80770224578475,-76.50154044915695,5,411,424,675.4577022457847,135.09154044915695,6.436951329565632,0,2.647900537115574e-12,0,TN
2989112,0,2203422,27.23,1379,mobile,Windows,anonymous.com,W,1.0,3.0,3.0,1.0,1.0,-0.9098226066702294,0.34460173093833674,-0.37871735286255875,0.1176040225777768,0.10667199178842497,12,4,25,30809.0,5,73.39599999999999,187.35,-46.16599999999998,5,402,395,366.97999999999996,73.39599999999999,6.398594934535208,0,2.602233458191052e-26,0,TN
2989113,0,2204724,35.42,1009,desktop,Windows,,C,2.0,3.0,1.0,2.0,1.0,0.1801195354308347,-2.3488580855560373,0.32059581612418075,1.4944912317322812,-0.7373677473300025,12,4,25,310332.0,5,107.44336840796186,315.2668420398093,-72.02336840796185,5,403,410,537.2168420398093,107.44336840796186,6.412638948921326,0,4.073949051561235e-18,0,TN
2989114,0,2206223,148.96,1286,desktop,MacOS,,H,3.0,2.0,1.0,1.0,3.0,1.157491671820017,1.0333026104605085,1.8040961176933286,-0.19911745899045336,-0.14512418381147343,12,4,25,366979.0,6,53.24666666666667,120.41,95.71333333333334,6,427,411,319.48,53.24666666666667,6.452206670705986,0,5.981728614560355e-15,0,TN
2989115,0,2206864,8.85,1315,desktop,MacOS,anonymous.com,R,1.0,1.0,4.0,0.0,2.0,0.31642361100894223,2.3725767859278872,0.1667939948202537,-1.0163427594682852,-0.032715863478773505,13,4,25,736214.0,6,140.81,443.4,-131.96,6,428,396,844.86,140.81,6.441903020858877,0,2.1534141929615442e-26,0,TN
2989116,0,2206873,176.78,1325,desktop,MacOS,hotmail.com,W,0.0,1.0,5.0,0.0,0.0,-1.3140307609363322,0.4072628175869578,-0.08653693654591076,0.7168422118995778,-0.22798719366655698,13,4,25,199196.0,6,69.16833333333334,151.39,107.61166666666666,6,429,425,415.01,69.16833333333334,6.466300233140817,0,4.884369361753934e-18,0,TN
2989117,0,2206939,56.8,1272,,iOS Device,,H,3.0,1.0,4.0,2.0,0.0,0.09604310207447694,0.38792750493317696,-0.2249597081627109,-0.385120355217547,0.3863813991253786,13,4,25,381356.0,6,79.51333333333334,113.57,-22.71333333333334,6,438,412,477.08,79.51333333333334,6.470180116955739,0,1.1756896559455226e-88,0,TN
2989118,0,2208090,91.65,1305,desktop,SM-G935F Build/NRD90M,yahoo.com,S,3.0,4.0,3.0,5.0,4.0,-1.7262466136443895,0.2638036776173727,0.021012737983448913,-0.6904338492497216,2.1505658406743073,13,4,25,161765.0,3,55.913333333333334,95.11,35.73666666666667,3,412,457,167.74,55.913333333333334,6.464276728675756,0,2.839492090052492e-15,0,TN
2989119,0,2209491,10.39,1292,,Windows,gmail.com,C,5.0,2.0,0.0,1.0,1.0,-0.40275692180565353,-1.0104426178681492,1.0605690150483584,0.9655545629637079,1.2881411273862253,13,4,25,438740.0,5,85.804,214.07,-75.414,5,404,425,429.02,85.804,6.42648845745769,0,2.0785918064479535e-13,0,TN
2989120,0,2209621,42.15,1209,mobile,SM-G935F Build/NRD90M,gmail.com,W,2.0,3.0,4.0,0.0,1.0,-1.2372475194274326,0.04412259957244041,-3.361525146037578,-0.48663633520701044,-1.615296876561994,13,4,25,1006950.0,3,62.49333333333334,91.65,-20.34333333333334,3,413,426,187.48000000000002,62.49333333333334,6.441424895102697,0,1.7869911234615518e-26,0,TN
2989121,0,2211803,10.4,1445,mobile,SM-G935F Build/NRD90M,gmail.com,W,2.0,0.0,1.0,3.0,0.0,-0.6310581140710084,0.21424104509320688,-0.26015307197077336,0.2444098786983488,-0.007387284416254412,14,4,25,127206.0,1,276.78,276.78,-266.38,1,414,427,276.78,276.78,6.4434951243634675,0,2.1534141929615442e-26,0,TN
2989122,0,2212853,326.82,1217,mobile,SM-G935F Build/NRD90M,hotmail.com,R,4.0,1.0,4.0,3.0,2.0,1.009753095614173,0.8027003765001995,-2.331174500999374,1.073186832639894,-1.6156109552157005,14,4,25,138698.0,6,91.43666666666667,226.91,235.38333333333333,6,415,426,548.62,91.43666666666667,6.445084697103193,0,2.253487054813802e-12,0,TN
2989123,0,2213999,165.64,1240,,MacOS,,W,1.0,0.0,5.0,1.0,1.0,-0.5213225033389367,0.41796369648295056,-0.4773092144492932,0.1243763131667764,-0.7137901331892867,14,4,25,371475.0,3,168.89333333333335,358.0,-3.2533333333333587,3,430,413,506.68,168.89333333333335,6.458024754575957,0,4.1336553102715536e-18,0,TN
2989124,0,2216263,62.55,1373,desktop,MacOS,gmail.com,H,2.0,1.0,1.0,1.0,4.0,-0.05970504883607011,0.5452167017219176,0.054933430493529285,-0.40970200783762833,-0.8100240050677663,15,4,25,540635.0,5,102.296,196.15,-39.74600000000001,5,431,428,511.48,102.296,6.471573198211912,0,1.390872803822846e-22,0,TN
2989125,0,2216285,26.31,1463,desktop,Windows,gmail.com,H,2.0,3.0,2.0,2.0,1.0,1.6263129564840353,-0.39149711047858,1.010926616634318,0.472245794993145,-0.12896211204521757,15,4,25,214254.0,5,75.366,170.64,-49.056,5,405,429,376.83,75.366,6.431331081933479,0,2.602233458191052e-26,0,TN
2989126,0,2217339,271.99,1199,mobile,Windows,anonymous.com,H,1.0,2.0,0.0,0.0,2.0,0.29171373870646095,1.1443781075045723,0.7718527793734075,-2.3619375758331387,-0.17544765430033146,15,4,25,367728.0,4,23.395,51.17,248.595,4,406,397,93.58,23.395,6.406714955950943,0,3.0944281458466748e-12,0,TN
2989127,0,2220183,43.25,1215,desktop,Windows,,S,0.0,3.0,2.0,3.0,2.0,-0.05704097400790783,1.4519206155051205,1.3462489290539659,0.7714741903220568,-0.16168647995737426,16,4,25,607461.0,4,54.6725,91.06,-11.4225,4,407,414,218.69,54.6725,6.422272462887942,0,5.045453954543976e-22,0,TN
2989128,0,2221193,18.55,1204,mobile,SM-G935F Build/NRD90M,,S,3.0,5.0,2.0,2.0,0.0,-0.30238038517334587,0.30673740483674156,-0.35118602833655094,-0.773235300996395,1.7142776473579941,16,4,25,518344.0,6,99.80754801747374,343.9152881048424,-81.25754801747374,6,416,415,598.8452881048424,99.80754801747374,6.437911636937767,0,9.92800476616192e-19,0,TN
2989129,0,2221619,83.82,1412,mobile,MacOS,anonymous.com,W,5.0,3.0,2.0,3.0,3.0,0.3662644356009761,0.3601640755840094,-0.9183058982385017,0.11073828545435373,1.0446685842550434,17,4,25,557997.0,4,116.10749999999999,183.7,-32.287499999999994,4,432,398,464.42999999999995,116.10749999999999,6.449522105335317,0,6.90769998537182e-11,0,TN
2989130,0,2222019,288.84,1415,mobile,iOS Device,,S,2.0,0.0,1.0,0.0,1.0,,-0.6447235645855246,-0.5875722776916769,0.044838412224394865,-0.2142021899480183,17,4,25,361787.0,4,64.185,119.22,224.65499999999997,4,439,416,256.74,64.185,6.474507789861521,0,3.2120390032586917e-12,0,TN
2989131,0,2222633,1.38,1215,mobile,SM-G935F Build/NRD90M,yahoo.com,S,2.0,2.0,3.0,2.0,3.0,-0.9567249374397319,0.6065303029907093,0.6439791390590918,0.3398160035341654,0.37281824727069995,17,4,25,2450.0,5,52.388,91.06,-51.007999999999996,5,417,458,261.94,52.388,6.4731187935736925,0,3.900154044510553e-17,0,TN
2989132,0,2224642,28.2,1079,mobile,,hotmail.com,R,2.0,4.0,0.0,2.0,3.0,0.37512252637377375,-0.007897271703084812,1.3958008594157518,0.31868733454535797,1.600653024999588,17,4,25,647555.0,8,63.394999999999996,162.35,-35.19499999999999,8,433,427,507.15999999999997,63.394999999999996,6.47435355218095,0,1.7869911234615518e-26,0,TN
2989133,0,2226086,279.79,1266,,SM-G935F Build/NRD90M,anonymous.com,S,3.0,1.0,2.0,1.0,2.0,-1.2753202434652753,-0.4615508904521209,0.42900736060237793,-0.852807420509862,-1.3925204129008573,18,4,25,413487.0,3,16.99,29.43,262.8,3,418,399,50.97,16.99,6.427782118698911,0,2.731375133110416e-11,0,TN
2989134,0,2226380,19.76,1479,,MacOS,gmail.com,C,4.0,1.0,2.0,2.0,2.0,-1.8321573338349442,-0.31697378357473993,-0.489166983299119,-0.5665356147695784,-0.08065605389910556,18,4,25,154142.0,8,133.8051715121424,285.83,-114.0451715121424,8,433,430,1070.4413720971393,133.8051715121424,6.476664623235,0,3.942079663256354e-22,0,TN
2989135,0,2227194,13.02,1389,mobile,,,C,0.0,1.0,2.0,0.0,4.0,0.3064113171411691,0.13944367691127382,-1.378162069133201,-0.7935302002521613,0.35074614150959826,18,4,25,374812.0,5,65.524,172.62,-52.504000000000005,5,434,417,327.62,65.524,6.467698726104354,0,3.2157904569719307e-22,0,TN
2989136,0,2229266,85.44,1378,mobile,SM-G935F Build/NRD90M,yahoo.com,C,1.0,3.0,1.0,3.0,6.0,0.15594849010100686,0.11000595559228722,-0.23563555946070677,-0.3957504042233628,-0.8099116916532337,19,4,25,124703.0,6,159.37623101509016,347.78,-73.93623101509016,6,419,459,956.2573860905409,159.37623101509016,6.477126197210423,0,2.8650709245568355e-20,0,TN
2989137,0,2231872,198.94,1034,,MacOS,yahoo.com,W,0.0,0.0,4.0,2.0,2.0,,1.404705852148042,0.6792890052525608,-1.6493418084082347,-1.518577667738558,19,4,25,306039.0,4,180.76099190712208,500.01396762848833,18.179008092877922,4,434,460,723.0439676284883,180.76099190712208,6.500388363584376,0,5.272476517436199e-16,0,TN
2989138,0,2234153,65.84,1288,mobile,MacOS,hotmail.com,H,3.0,5.0,2.0,0.0,3.0,-0.8998788506936278,-0.5640841006911863,-1.2618054763726205,-2.6789131818863177,-0.5473436052117967,20,4,25,1230713.0,4,92.08,142.24,-26.239999999999995,4,435,428,368.32,92.08,6.4775875582336,0,4.196451894566664e-17,0,TN
2989139,0,2234747,522.48,1017,mobile,iOS Device,yahoo.com,R,0.0,1.0,2.0,1.0,0.0,,0.4879754529724399,1.9973684061051904,0.45405537150826925,-0.25156950124864386,20,4,25,742779.0,3,25.903333333333336,66.43,496.5766666666667,3,440,461,77.71000000000001,25.903333333333336,6.509960677178192,0,7.612853633532956e-10,0,TN
2989140,0,2235215,114.68,1164,,SM-G935F Build/NRD90M,,W,2.0,2.0,0.0,1.0,0.0,0.4292546805357619,-1.006090758906518,-0.20207540599069596,1.4892112116080574,0.9901693948953617,20,4,25,670579.0,4,115.41843669882064,287.25374679528255,-0.7384366988206352,4,420,418,461.67374679528257,115.41843669882064,6.44635453854367,0,3.2700399358519065e-16,0,TN
2989141,0,2236624,8.7,1012,mobile,MacOS,,H,6.0,1.0,1.0,2.0,1.0,1.4351542066836696,-1.047335895179102,1.0044417387866924,-1.1038350091485525,-1.7873009807741649,21,4,25,706507.0,3,102.00333333333333,129.75,-93.30333333333333,3,436,419,306.01,102.00333333333333,6.472037127702952,0,2.41057592196891e-09,0,TN
2989142,0,2238699,494.81,1201,desktop,Windows,yahoo.com,R,2.0,1.0,2.0,0.0,3.0,-1.2891951251725235,-1.8706411511236343,-1.0715484645352515,0.6847907987197167,0.4164713604269521,21,4,25,381814.0,4,66.615,136.48,428.195,4,408,462,266.46,66.615,6.462092981122559,0,8.089931965612623e-13,0,TN
2989143,1,2240574,215.0004975501603,1228,,MacOS,,R,9.0,2.0,1.0,1.0,2.0,,1.0798486966246261,-0.46168278921046724,-1.3484169695577883,-0.39593189453658967,22,4,25,321490.0,5,203.88600000000002,329.96,11.11449755016028,5,437,420,1019.4300000000001,203.88600000000002,6.474662003756499,1,0.9540256453849724,1,TP
2989144,0,2240660,34.88,1345,desktop,iOS Device,,R,0.0,2.0,3.0,1.0,3.0,1.7235373741059907,0.9574700308933869,1.328597681205989,-0.03675678636643464,0.41089457592374407,22,4,25,194950.0,3,65.12333333333332,91.49,-30.243333333333318,3,441,421,195.36999999999998,65.12333333333332,6.481270803649897,0,7.4626423907912465e-16,0,TN
2989145,0,2241097,82.62,1365,,MacOS,gmail.com,C,1.0,1.0,0.0,6.0,1.0,1.264650809039825,-2.6909351913466875,-1.181310857802766,0.5946698830522147,1.6507226984912253,22,4,25,110273.0,3,138.53,371.54,-55.91,3,438,431,415.59000000000003,138.53,6.48432984549698,0,1.812888767153827e-20,0,TN
2989146,0,2241545,37.28,1464,,SM-G935F Build/NRD90M,anonymous.com,C,0.0,2.0,0.0,3.0,4.0,-2.299922622401939,0.16268589354741292,0.5505291384749028,1.7674388703285475,-0.8734075178850575,22,4,25,191574.0,4,122.0925,204.75,-84.8125,4,421,400,488.37,122.0925,6.433582972864182,0,2.5207243221953527e-20,0,TN
2989147,0,2242148,10.04,1447,,SM-G935F Build/NRD90M,,C,3.0,1.0,2.0,4.0,4.0,-0.36586743672095223,-0.4365972307778938,-0.8690263313507356,0.08669712602926914,1.1314277443950087,22,4,25,1258327.0,2,39.769999999999996,43.74,-29.729999999999997,2,422,422,79.53999999999999,39.769999999999996,6.452364362104247,0,2.6480870434575995e-17,0,TN
2989148,0,2245481,1.14,1000,desktop,,,R,1.0,1.0,1.0,3.0,1.0,0.4053755392613662,0.2945106241774512,-0.9131564499374971,-1.164569782830913,0.4617128082124724,23,4,25,303462.0,5,67.458,102.94,-66.318,5,435,423,337.29,67.458,6.473890696352274,0,3.755632423737722e-18,0,TN
2989149,0,2247082,60.71,1318,mobile,SM-G935F Build/NRD90M,hotmail.com,R,3.0,2.0,1.0,2.0,0.0,0.726883365945385,0.09457942413991588,-0.07702004355000878,0.024187294710850193,-0.40450554636662767,0,5,26,138782.0,5,195.0789049787543,342.4845248937716,-134.3689049787543,5,423,429,975.3945248937715,195.0789049787543,6.459904454377535,0,3.776930115780875e-20,0,TN
2989150,1,2247488,385.1391457665392,1216,mobile,,anonymous.com,C,16.0,1.0,2.0,1.0,3.0,3.7031046002824866,-0.22199210541662598,-0.661225029899359,0.19381824965832586,0.5726589311023687,0,5,26,774436.0,2,86.035,101.96,299.1041457665392,2,436,401,172.07,86.035,6.457867953321226,1,0.999999999994575,1,TP
2989151,0,2247596,85.94,1033,desktop,Windows,anonymous.com,R,0.0,4.0,1.0,2.0,2.0,-1.737624359147449,-1.050113907847868,0.3064365664849209,2.445593635606303,0.7737107466392602,0,5,26,118373.0,1,28.36,28.36,57.58,1,409,402,28.36,28.36,6.4152606119008695,0,2.2168183039589987e-22,0,TN
2989152,0,2248324,715.01,1358,desktop,iOS Device,anonymous.com,C,3.0,1.0,3.0,2.0,0.0,0.207416344586513,-0.6544768667943832,-0.23668399922566052,2.264439643368822,-0.7982587640883572,0,5,26,613465.0,5,87.562,222.62,627.448,5,442,403,437.81,87.562,6.4692503167957724,0,3.4722180563367976e-12,0,TN
2989153,0,2249278,34.81,1265,mobile,Windows,yahoo.com,C,2.0,1.0,4.0,1.0,2.0,0.23991091857460606,-0.6599780608365926,-0.7348509025837876,0.7062319238371595,-1.2442505927195995,0,5,26,153857.0,6,141.48166666666665,314.02,-106.67166666666665,6,410,463,848.89,141.48166666666665,6.466300233140817,0,4.276546112098519e-20,0,TN
2989154,0,2249814,33.91,1127,mobile,,gmail.com,C,4.0,2.0,2.0,2.0,4.0,1.1288151192868416,-0.38527397756996623,-0.1872488645374196,-0.583372390746773,-1.1723754083693056,0,5,26,400415.0,5,72.242,196.62,-38.33200000000001,5,437,432,361.21000000000004,72.242,6.483871585349955,0,2.0738961393086815e-22,0,TN
2989155,0,2250259,18.41,1211,desktop,MacOS,gmail.com,H,1.0,1.0,2.0,2.0,5.0,0.5054723560574635,0.8078575463082353,1.5203281492491083,0.15885329849865307,-0.4434049974698815,1,5,26,430550.0,1,85.22,85.22,-66.81,1,439,433,85.22,85.22,6.487075005067492,0,2.7040644363975504e-18,0,TN
2989156,0,2250767,18.92,1262,mobile,MacOS,hotmail.com,R,0.0,1.0,3.0,2.0,5.0,0.4742940896903212,1.7347962820099168,-0.934391574008271,-1.1825477962980522,-0.6928300719299308,1,5,26,282819.0,4,83.57760266020571,153.77041064082286,-64.65760266020571,4,440,430,334.31041064082285,83.57760266020571,6.486770359215936,0,3.2157904569719307e-22,0,TN
2989157,0,2250812,34.57,1311,,Windows,anonymous.com,W,3.0,3.0,0.0,2.0,4.0,0.3697160311594678,-0.7838128432347111,-1.0699788940799915,-0.8574116216063954,0.5713926246404049,1,5,26,57720.0,2,142.06,234.59,-107.49000000000001,2,411,404,284.12,142.06,6.420320608006722,0,1.2718521313479816e-18,0,TN
2989158,0,2251560,158.43,1079,,MacOS,anonymous.com,C,1.0,1.0,2.0,3.0,2.0,0.005717937700905695,0.6697544744381904,-0.9906479691677319,1.1491500231347422,0.5463969841619436,1,5,26,26918.0,9,59.48444444444445,162.35,98.94555555555556,9,441,405,535.36,59.48444444444445,6.4698702796178615,0,7.640681386296178e-20,0,TN
2989159,0,2251651,237.19,1164,,,,W,1.0,2.0,1.0,0.0,4.0,1.1860375561365064,-1.9721598454780618,-0.9666239806052066,0.8785952439844414,0.2080509469853467,1,5,26,16436.0,5,115.27074935905651,287.25374679528255,121.91925064094349,5,438,424,576.3537467952825,115.27074935905651,6.4792773965649,0,1.0225227959029156e-12,0,TN
2989160,0,2253754,370.24,1412,mobile,iOS Device,yahoo.com,H,1.0,3.0,2.0,1.0,1.0,-0.9920435859061266,-1.707663721628194,-0.9168726508338123,0.5484529545594494,0.9538491772078082,2,5,26,32135.0,5,109.65,183.7,260.59000000000003,5,443,464,548.25,109.65,6.516932447610842,0,3.970502412985452e-16,0,TN
2989161,0,2253878,27.43,1251,,SM-G935F Build/NRD90M,yahoo.com,R,1.0,2.0,1.0,5.0,2.0,1.2374710188309461,0.16381013288104304,-1.3299354579624554,-0.488996152873267,-0.03893010008385585,2,5,26,,0,,,,0,424,465,0.0,0.0,6.48844476405192,0,1.8476819100081505e-18,0,TN
2989162,0,2255792,214.11,1011,,,hotmail.com,C,2.0,0.0,3.0,0.0,3.0,-0.1919504015516888,0.7990811075362425,0.8805287183845185,-1.7221356492584434,0.42134616682326115,2,5,26,316782.0,4,104.8075,146.61,109.30250000000001,4,439,431,419.23,104.8075,6.48600833829969,0,2.3289601295690453e-14,0,TN
2989163,0,2255855,40.79,1400,desktop,,gmail.com,C,2.0,1.0,3.0,3.0,1.0,-0.5443786264032277,0.5192122956923112,0.17443871250561588,-0.1087319291266159,0.48754075325485857,2,5,26,540144.0,6,152.33631328878747,376.03,-111.54631328878747,6,440,434,914.0178797327249,152.33631328878747,6.490116369942264,0,2.1534141929615442e-26,0,TN
2989164,0,2256267,12.97,1303,desktop,SM-G935F Build/NRD90M,anonymous.com,C,1.0,3.0,3.0,1.0,1.0,-0.20567823642741254,-0.4918097815216272,-0.049189090181423464,-1.0557505888419776,-0.4065088717140067,2,5,26,421853.0,1,45.13,45.13,-32.160000000000004,1,425,406,45.13,45.13,6.444290226575984,0,1.7869911234615518e-26,0,TN
2989165,0,2257075,205.04,1211,mobile,SM-G935F Build/NRD90M,hotmail.com,W,1.0,2.0,1.0,4.0,2.0,-0.18554816458673096,1.3313511847828874,2.400995675318333,-0.8940556607642254,-1.1012931413200249,2,5,26,6816.0,2,51.815,85.22,153.225,2,426,432,103.63,51.815,6.466455717864757,0,2.1962424825717917e-17,0,TN
2989166,0,2259808,102.09,1281,mobile,iOS Device,yahoo.com,H,1.0,2.0,5.0,3.0,3.0,1.8081295912650792,-0.5942461058204956,0.5921977057536205,0.6213008677428571,-1.2275444917557508,3,5,26,93254.0,6,73.80335400705667,214.79012404234,28.286645992943335,6,444,466,442.82012404234,73.80335400705667,6.5200318523501295,0,1.0478492448884263e-10,0,TN
2989167,0,2261006,19.0,1111,mobile,iOS Device,yahoo.com,R,2.0,2.0,4.0,1.0,0.0,-1.2245995791362887,-0.3684451134843622,3.554049749748472,2.3974780153201882,1.292181794108044,4,5,26,195527.0,6,115.84999999999998,380.15,-96.84999999999998,6,445,467,695.0999999999999,115.84999999999998,6.522239846181593,0,5.218918516870602e-20,0,TN
2989168,0,2266297,57.18,1210,mobile,iOS Device,yahoo.com,H,2.0,3.0,1.0,4.0,4.0,-1.3007298048846312,0.2898260513232055,1.2933674392022712,-0.10357034067319186,-1.0166416444692374,5,5,26,496392.0,5,62.696000000000005,127.84,-5.516000000000005,5,446,468,313.48,62.696000000000005,6.524296251136588,0,1.8408129044514485e-18,0,TN
2989169,0,2266396,34.86,1377,,MacOS,anonymous.com,C,2.0,0.0,3.0,1.0,1.0,-1.0654427078619764,0.46613303768249365,-1.2142119039507444,0.20078305603206772,1.0079523123814222,5,5,26,163585.0,4,86.08500000000001,176.14,-51.22500000000001,4,442,407,344.34000000000003,86.08500000000001,6.4721917230499395,0,3.5113172006994934e-22,0,TN
2989170,0,2266738,134.48,1238,mobile,,anonymous.com,H,3.0,3.0,2.0,1.0,3.0,-0.2282925500134901,-1.12203513071614,-1.3337915325037746,-1.0366250020399237,1.4879090638692158,5,5,26,1843753.0,2,84.52000000000001,98.61,49.95999999999998,2,441,408,169.04000000000002,84.52000000000001,6.471109053390398,0,2.5759681836493088e-12,0,TN
2989171,0,2266921,61.41,1267,desktop,SM-G935F Build/NRD90M,anonymous.com,W,7.0,4.0,4.0,2.0,2.0,-0.7907596834540511,-1.086878563951268,-0.5152686184616767,-0.8391425164674288,-0.6901529508727006,5,5,26,71080.0,6,93.04333333333334,247.32,-31.63333333333334,6,427,409,558.26,93.04333333333334,6.450628387550081,0,1.2556916888197937e-06,0,TN
2989172,0,2267112,454.56,1404,,,,S,2.0,2.0,1.0,4.0,1.0,-2.399169685483341,0.834675038688716,-0.3532557174488567,-0.11342105989630857,0.25607088232730424,5,5,26,1365581.0,2,199.59,341.32,254.97,2,442,425,399.18,199.59,6.485703367269574,0,1.230905655914986e-13,0,TN
2989173,0,2268448,6.63,1297,desktop,,gmail.com,S,4.0,4.0,2.0,1.0,1.0,-0.6873990570029634,-0.4107883322454742,1.277026446624601,-2.5498178114709344,-0.34119649812070996,6,5,26,715072.0,3,105.58333333333333,158.97,-98.95333333333333,3,443,435,316.75,105.58333333333333,6.4949633954875114,0,3.3805956842190417e-22,0,TN
2989174,0,2269551,44.85,1316,,iOS Device,yahoo.com,R,3.0,1.0,0.0,3.0,2.0,-1.1673196675212654,0.7174753430047663,-0.4114327615636533,-1.0369894655068572,-0.41962564482871717,6,5,26,767139.0,5,54.75600000000001,99.98,-9.906000000000006,5,447,469,273.78000000000003,54.75600000000001,6.52649485957079,0,1.1756896559455226e-88,0,TN
2989175,0,2275303,66.76,1057,desktop,iOS Device,yahoo.com,R,4.0,2.0,0.0,1.0,2.0,0.9923249441318065,-1.2335806816809836,-0.11087894861217741,0.5730026458715739,1.7708609204888774,8,5,26,1672132.0,2,113.535,188.16,-46.77499999999999,2,448,470,227.07,113.535,6.528250272543504,0,2.2712520949399604e-22,0,TN
2989176,0,2275815,70.94,1437,,,,H,2.0,2.0,1.0,3.0,3.0,,-0.376841191309215,-1.167661973384169,1.6848529176401295,0.8728375020533093,8,5,26,228140.0,7,104.95361491556163,363.9853044089315,-34.01361491556163,7,444,426,734.6753044089314,104.95361491556163,6.490268195646648,0,1.390872803822846e-22,0,TN
2989177,0,2276622,38.97,1033,desktop,iOS Device,yahoo.com,R,2.0,2.0,0.0,1.0,1.0,0.35294757252179826,1.1187487846200033,0.6612242387640315,0.41574644202999916,-0.13409135182106424,8,5,26,29026.0,2,57.15,85.94,-18.18,2,449,471,114.3,57.15,6.530440214290318,0,1.8488863768720004e-22,0,TN
2989178,0,2276821,131.65,1262,desktop,MacOS,yahoo.com,W,5.0,2.0,2.0,3.0,5.0,-1.7261201544509162,1.162358083762699,1.0979888812974858,-0.7158199435718066,0.8147647798004629,8,5,26,26054.0,5,70.64608212816458,153.77041064082286,61.00391787183543,5,443,472,353.23041064082287,70.64608212816458,6.522827822091521,0,4.991854183222088e-09,0,TN
2989179,0,2277822,208.74,1364,desktop,SM-G935F Build/NRD90M,anonymous.com,C,1.0,3.0,3.0,6.0,1.0,1.414735937809912,-0.5367358579425694,0.7744982800267541,-1.245171022189777,1.4664036997567886,8,5,26,981067.0,5,119.44199999999998,373.05,89.29800000000003,5,428,410,597.2099999999999,119.44199999999998,6.452837287154442,0,1.7435655911313675e-11,0,TN
2989180,0,2278809,280.23,1034,,,anonymous.com,C,3.0,1.0,1.0,0.0,2.0,-0.8222656552285319,-2.1008966668874787,0.13023570201104892,-0.24725526714951884,-0.39378009944248266,9,5,26,46937.0,5,184.39679352569766,500.01396762848833,95.83320647430236,5,445,411,921.9839676284882,184.39679352569766,6.480044561926653,0,5.511084033992455e-15,0,TN
2989181,0,2279014,164.52,1270,,SM-G935F Build/NRD90M,gmail.com,H,5.0,1.0,5.0,2.0,7.0,0.8167421224001714,0.6769184939856854,1.0251398643116327,-0.18744726288147842,0.85164457074889,9,5,26,286575.0,8,37.045,83.59,127.47500000000001,8,429,436,296.36,37.045,6.475124502801203,0,1.772386383523916e-05,0,TN
2989182,0,2281404,191.1,1448,mobile,MacOS,yahoo.com,C,3.0,4.0,4.0,2.0,4.0,0.6079127460163044,0.22237422850233252,0.5341294291151694,-0.7991605708174631,-0.9230540036675541,9,5,26,375182.0,6,113.96333333333332,425.06,77.13666666666667,6,444,473,683.78,113.96333333333332,6.525176274660674,0,5.607831496276514e-14,0,TN
2989183,0,2282275,80.97,1473,,iOS Device,hotmail.com,H,1.0,0.0,0.0,1.0,3.0,-0.8095389390012213,0.33253023146441046,0.7897058954731443,0.7876857012926473,-0.678479313596227,9,5,26,249371.0,7,113.18142857142857,245.45,-32.21142857142857,7,450,433,792.27,113.18142857142857,6.504587529922656,0,1.390872803822846e-22,0,TN
2989184,0,2283168,175.81,1226,mobile,Windows,yahoo.com,R,3.0,3.0,5.0,1.0,1.0,0.3357758996356402,-1.1768797999829952,-0.7815953126830476,-1.327900484390407,0.3046138177658713,10,5,26,848561.0,5,78.62,164.57,97.19,5,412,474,393.1,78.62,6.47774129795256,0,5.772204166561833e-15,0,TN
2989185,0,2285011,37.17,1024,mobile,MacOS,yahoo.com,R,0.0,4.0,1.0,1.0,0.0,0.09304845526454096,-0.11060957088693094,-0.29196556936520984,-0.6969735826797846,0.012626647853076102,10,5,26,351420.0,4,162.8825,372.33,-125.71249999999999,4,445,475,651.53,162.8825,6.527811708104051,0,1.68112208988056e-22,0,TN
2989186,0,2287444,51.83,1233,,Windows,gmail.com,W,3.0,4.0,0.0,5.0,1.0,1.0655294005754585,0.10119725042328165,0.6201665033734666,-0.36529511963009,-0.08009986609571296,11,5,26,192857.0,10,83.692,177.94,-31.861999999999995,10,413,437,836.92,83.692,6.451259999761194,0,5.78401092790591e-22,0,TN
2989187,0,2288663,39.11,1058,desktop,SM-G935F Build/NRD90M,hotmail.com,C,1.0,1.0,4.0,2.0,2.0,-0.6618808502915,1.558260736626557,-0.46403900166066947,2.1930941859300255,0.7678539800329318,11,5,26,155788.0,8,86.21375,160.95,-47.103750000000005,8,430,434,689.71,86.21375,6.475124502801203,0,2.0497654345250093e-22,0,TN
2989188,0,2288975,64.0,1250,desktop,,yahoo.com,W,1.0,3.0,1.0,1.0,1.0,0.16662631378848672,1.2087729401118439,2.0388045712914487,0.9002414441351629,-0.14029853442717038,11,5,26,328853.0,2,207.805,348.2,-143.805,2,446,476,415.61,207.805,6.5297107664499645,0,1.68112208988056e-22,0,TN
2989189,0,2290082,34.63,1334,,iOS Device,hotmail.com,S,1.0,2.0,3.0,2.0,2.0,-1.0105273123185727,1.0760582992046865,0.42388374706852383,0.45294216309567964,1.0014770134622888,12,5,26,298358.0,1,9.35,9.35,25.28,1,451,435,9.35,9.35,6.506680519175266,0,1.0239175887488759e-19,0,TN
2989190,0,2291064,327.0,1085,,MacOS,anonymous.com,W,4.0,2.0,3.0,4.0,3.0,1.2369096319327457,0.23306607701788226,0.5752090910583633,0.7814702275639553,0.669663953104753,12,5,26,338974.0,6,193.52499999999998,558.92,133.47500000000002,6,446,412,1161.1499999999999,193.52499999999998,6.482495543545793,0,3.189190684460915e-10,0,TN
2989191,0,2293303,38.52,1250,,iOS Device,anonymous.com,H,2.0,3.0,0.0,1.0,1.0,-0.12145736455521036,-0.8689914397902165,1.0539610402091324,0.227576874380982,0.08415105220716856,13,5,26,4328.0,3,159.86999999999998,348.2,-121.34999999999997,3,452,413,479.60999999999996,159.86999999999998,6.491936758794481,0,1.68112208988056e-22,0,TN
2989192,0,2293548,11.32,1389,,Windows,hotmail.com,H,1.0,1.0,2.0,4.0,2.0,-0.9318151139096752,-0.227244361970708,0.2699946969699915,0.26719610365637597,-0.23338367941492189,13,5,26,66354.0,6,56.77333333333333,172.62,-45.45333333333333,6,414,436,340.64,56.77333333333333,6.451417840500216,0,5.774202843560627e-23,0,TN
2989193,0,2293569,75.83,1179,desktop,Windows,yahoo.com,W,2.0,5.0,2.0,2.0,3.0,0.6145449467176585,-1.2593162838496554,0.4713282148631671,-0.20805461252933785,0.006411904167793776,13,5,26,168734.0,5,179.392,312.11,-103.562,5,415,477,896.96,179.392,6.484635235635252,0,2.8650709245568355e-20,0,TN
2989194,0,2295773,6.88,1206,,,hotmail.com,R,0.0,1.0,0.0,0.0,0.0,1.0603299176649832,-0.10677956311257425,-0.5768860803886043,1.2134483091940254,-1.1142417550123107,13,5,26,589658.0,4,79.45,186.24,-72.57000000000001,4,447,437,317.8,79.45,6.502640109638261,0,1.1756896559455226e-88,0,TN
2989195,0,2296099,12.71,1343,mobile,Windows,hotmail.com,S,4.0,6.0,2.0,2.0,1.0,-0.4727774360153541,-0.8488831463812806,-0.33706876098302524,0.1475309201109255,-0.2702360739899727,13,5,26,277452.0,4,91.62925297666293,314.8370119066517,-78.91925297666293,4,416,438,366.5170119066517,91.62925297666293,6.455827296463632,0,2.522794573997789e-22,0,TN
2989196,0,2298138,25.77,1148,,,anonymous.com,W,3.0,2.0,3.0,2.0,0.0,2.0801207597634845,-0.009347870314884002,-0.0032401265261431996,-0.4656497634351033,-1.0987801981996368,14,5,26,489418.0,3,60.92333333333334,76.12,-35.153333333333336,3,448,414,182.77,60.92333333333334,6.486618001479677,0,3.03143909551844e-14,0,TN
2989197,0,2299973,63.43,1070,mobile,MacOS,hotmail.com,R,3.0,0.0,4.0,1.0,6.0,1.5155782864309226,-0.08200912738315569,-1.0956652189717027,0.9667079373527924,0.4419903226362414,14,5,26,102435.0,5,145.90800000000002,338.66,-82.47800000000001,5,447,439,729.5400000000001,145.90800000000002,6.504288173536645,0,2.8650709245568355e-20,0,TN
2989198,0,2300787,57.78,1120,mobile,,,W,5.0,3.0,0.0,3.0,1.0,0.04339619094220324,-0.9499433302580668,1.6111059012353197,-0.1994468127338486,-1.3671623227714846,15,5,26,796771.0,3,125.67666666666666,194.9,-67.89666666666666,3,449,427,377.03,125.67666666666666,6.497980899285874,0,6.297734540120227e-15,0,TN
2989199,0,2301567,161.79,1252,mobile,Windows,,C,3.0,4.0,1.0,1.0,2.0,-0.4331084718540713,0.562748849155167,-1.1393848103302278,-0.031355351061559324,-1.510640879541906,15,5,26,100375.0,5,132.67307940094085,461.90539700470424,29.116920599059142,5,417,428,663.3653970047043,132.67307940094085,6.4496802206016755,0,9.212654882336356e-16,0,TN
2989200,0,2302003,135.51,1092,desktop,SM-G935F Build/NRD90M,anonymous.com,H,1.0,3.0,2.0,1.0,3.0,-1.3100334448432567,-1.2733297746083383,-1.0741981693266778,-0.2043957646438404,-0.06484577397944942,15,5,26,110920.0,4,141.29250000000002,266.81,-5.782500000000027,4,431,415,565.1700000000001,141.29250000000002,6.461311914145415,0,4.517382883090518e-16,0,TN
2989201,0,2302085,56.57,1255,desktop,,yahoo.com,C,3.0,3.0,3.0,2.0,0.0,-1.0752265563365464,2.6337967988234254,0.009396912867313681,1.6004019436901404,0.6295152435565267,15,5,26,760220.0,2,40.545,68.92,16.025,2,450,478,81.09,40.545,6.536981410663903,0,4.385462741849704e-20,0,TN
2989202,0,2303581,41.6,1253,,iOS Device,yahoo.com,C,1.0,3.0,3.0,1.0,3.0,-1.8840028456244595,1.2410339970611752,0.4529418305671478,-0.11919093406535822,-0.051371581521734024,15,5,26,278419.0,6,140.58,343.12,-98.98000000000002,6,453,479,843.48,140.58,6.542616042345538,0,2.8650709245568355e-20,0,TN
2989203,0,2305378,39.05,1351,,SM-G935F Build/NRD90M,anonymous.com,S,4.0,3.0,1.0,4.0,2.0,0.5929507444239025,-1.1990374345934314,-0.7275726763771111,0.2392603916408437,1.1881784114204936,16,5,26,,0,,,,0,432,416,0.0,0.0,6.46302945692067,0,3.262969399412417e-17,0,TN
2989204,0,2305510,149.72,1287,desktop,,yahoo.com,R,3.0,0.0,2.0,3.0,2.0,-0.07452179475481639,0.2709960817579181,-0.5132532441987573,-2.6253721913649293,0.1279572581835362,16,5,26,185209.0,8,99.80875,346.23,49.911249999999995,8,451,480,798.47,99.80875,6.540741357248225,0,3.4034683422458314e-18,0,TN
2989205,0,2307592,6.35,1308,,iOS Device,gmail.com,H,0.0,1.0,1.0,1.0,2.0,-0.5372271008026034,-0.15615632524975256,-0.27119886720542546,-0.11605271105337002,2.2968205582647356,16,5,26,1432424.0,2,49.43,55.25,-43.08,2,454,438,98.86,49.43,6.51352680279996,0,1.74120046936542e-20,0,TN
2989206,0,2307999,2.29,1058,mobile,SM-G935F Build/NRD90M,,C,5.0,3.0,4.0,2.0,1.0,-2.8508891476375537,-0.1389121000309259,0.03298463442427296,0.1763717559603994,0.2154299713937761,17,5,26,19336.0,9,80.97999999999999,160.95,-78.68999999999998,9,433,429,728.8199999999999,80.97999999999999,6.4760488596687455,0,5.701167674597068e-16,0,TN
2989207,0,2308534,159.74,1068,mobile,,gmail.com,H,3.0,3.0,2.0,3.0,0.0,0.5310790619963369,-0.46414020471056666,0.6424455169152988,1.4454219971902826,2.4616918460367616,17,5,26,1125721.0,4,143.19750000000002,315.97,16.54249999999999,4,452,439,572.7900000000001,143.19750000000002,6.511596730194272,0,5.241167784964821e-15,0,TN
2989208,1,2309209,340.1082049094417,1445,desktop,MacOS,gmail.com,R,13.0,0.0,2.0,2.0,4.0,1.833983299639246,0.923346719901069,-0.7491400432339408,0.6559575901926218,0.015606815049377231,17,5,26,97406.0,2,143.58999999999997,276.78,196.51820490944175,2,448,440,287.17999999999995,143.58999999999997,6.506082969112669,1,0.9999948828312,1,TP
2989209,0,2309469,15.03,1387,,iOS Device,gmail.com,W,7.0,2.0,3.0,3.0,2.0,0.015130420129721331,-0.783697424417941,-0.4227602998533502,-0.05890154839955787,0.7072301744718312,17,5,26,797597.0,3,35.973333333333336,98.59,-20.943333333333335,3,455,441,107.92,35.973333333333336,6.517375808292013,0,6.73525747669281e-08,0,TN
2989210,0,2309761,27.86,1085,,MacOS,anonymous.com,C,1.0,2.0,1.0,1.0,4.0,0.0005636626280929324,1.1165200381913487,0.38166487366241103,-0.19333463701858924,0.15928413336388508,17,5,26,18697.0,7,212.59285714285713,558.92,-184.73285714285714,7,449,417,1488.1499999999999,212.59285714285713,6.491026978595262,0,1.1549677261388117e-18,0,TN
2989211,0,2311598,270.57,1273,mobile,Windows,gmail.com,R,2.0,0.0,5.0,1.0,3.0,,1.5780204512743123,1.1800992418136356,-2.3642721115721486,0.3787618842050118,18,5,26,147191.0,5,204.45800000000003,607.29,66.11199999999997,5,418,442,1022.2900000000001,204.45800000000003,6.4622491213367885,0,5.809142225745664e-16,0,TN
2989212,0,2311700,197.26,1226,mobile,,hotmail.com,H,2.0,4.0,2.0,0.0,5.0,-1.6261644828121669,-0.8643098840237937,0.9131612939035487,-0.6484692106854393,-0.6470532070409956,18,5,26,28532.0,6,94.81833333333333,175.81,102.44166666666666,6,453,440,568.91,94.81833333333333,6.5141199226275495,0,6.183693124078744e-16,0,TN
2989213,0,2314112,124.71,1080,desktop,,yahoo.com,R,4.0,3.0,3.0,4.0,2.0,2.3445079549778685,0.8532816718079703,0.38284542474105693,0.07869513641559354,0.5377156570417294,18,5,26,174105.0,4,33.86,60.42,90.85,4,454,481,135.44,33.86,6.545205971850804,0,7.362349000840485e-05,0,TN
2989214,0,2315036,66.82,1497,mobile,iOS Device,anonymous.com,W,2.0,3.0,1.0,2.0,3.0,-1.3240120657982604,0.7245780823584109,-2.0575832220452983,-2.0714145353393816,-1.2506929766434474,19,5,26,495869.0,4,78.055,144.62,-11.235000000000014,4,456,418,312.22,78.055,6.5018900908526325,0,5.4547399050391e-23,0,TN
2989215,0,2315484,74.46,1113,desktop,,hotmail.com,R,1.0,1.0,2.0,5.0,3.0,-0.23450765312708347,-1.9331471391485353,-0.874502159725443,0.3344560300601352,-0.08638638962953274,19,5,26,316500.0,6,100.5848514901528,231.36910894091676,-26.124851490152807,6,455,441,603.5091089409168,100.5848514901528,6.517818972491599,0,3.433655636448478e-20,0,TN
2989216,0,2315580,370.87,1183,desktop,Windows,hotmail.com,H,2.0,2.0,2.0,3.0,4.0,-2.714592107686524,1.698315663679013,-0.7840526284369966,1.2947937135451106,-0.5500425582229932,19,5,26,661742.0,6,151.04833333333332,387.48,219.8216666666667,6,419,442,906.29,151.04833333333332,6.463965056552305,0,2.2561996744712403e-18,0,TN
2989217,0,2315631,338.47,1279,mobile,,,C,2.0,1.0,1.0,2.0,1.0,0.1517048843892544,-0.46681493778672284,1.0142069457880147,1.354492319294906,-0.3945596005623778,19,5,26,608012.0,5,52.222,106.19,286.24800000000005,5,456,430,261.11,52.222,6.511002111475994,0,8.790191218886721e-12,0,TN
2989218,0,2316055,25.24,1321,,SM-G935F Build/NRD90M,,C,1.0,1.0,1.0,0.0,4.0,-0.32121767803273876,0.1317739415944238,-1.0614364347530336,-0.7503878969564723,0.9879996911808551,19,5,26,271018.0,3,126.92333333333333,247.85,-101.68333333333334,3,434,431,380.77,126.92333333333333,6.478202375344883,0,5.134639120380275e-20,0,TN
2989219,0,2317319,167.66,1396,mobile,MacOS,hotmail.com,S,1.0,4.0,1.0,3.0,2.0,-0.021063856347469805,1.4143144674394488,-1.536016165202821,1.5721995914508966,0.39626914385863776,19,5,26,896240.0,3,56.06,119.06,111.6,3,450,443,168.18,56.06,6.511448108658739,0,6.721752017745702e-17,0,TN
2989220,0,2318060,22.97,1317,desktop,Windows,,H,2.0,0.0,1.0,2.0,1.0,0.36349643744406357,0.7792262058838365,0.3889648397144717,-0.14386692125087366,-1.8841225481796067,19,5,26,166507.0,5,86.784,121.51,-63.81400000000001,5,420,432,433.92,86.784,6.457554277032581,0,3.942079663256354e-22,0,TN
2989221,1,2318185,213.5483881468201,1053,mobile,Windows,yahoo.com,S,15.0,3.0,3.0,4.0,2.0,2.790881186451494,-0.20063810028598839,0.4966071989976446,-0.9344449861376859,0.8835486174413127,19,5,26,172933.0,7,66.67285714285715,127.59,146.87553100396292,7,421,482,466.71000000000004,66.67285714285715,6.497830240151879,1,0.9999999996320204,1,TP
2989222,0,2318879,113.73,1398,,MacOS,yahoo.com,S,1.0,2.0,2.0,1.0,2.0,1.5524353804014186,0.8037880796195219,-0.754976416136545,-0.42164681986714464,0.011076272444026213,20,5,26,681149.0,2,91.005,137.01,22.72500000000001,2,451,483,182.01,91.005,6.542039590391256,0,3.636684550484452e-17,0,TN
2989223,0,2319384,52.92,1196,,MacOS,,W,3.0,3.0,3.0,2.0,4.0,-0.5170120017603557,1.1592149850131312,-0.4418632020495133,0.04631019711237731,0.8802274611497903,20,5,26,234313.0,5,70.804,129.57,-17.884,5,452,433,354.02,70.804,6.507277712385012,0,1.7869911234615518e-26,0,TN
2989224,0,2320636,269.16,1386,,Windows,gmail.com,H,3.0,3.0,3.0,5.0,3.0,0.5303985664426472,0.043442662670217694,1.5989459648607203,-2.2183849482453297,0.1329903289352745,20,5,26,429563.0,10,150.13246282394238,446.42,119.02753717605765,10,422,443,1501.3246282394236,150.13246282394238,6.470025210286697,0,3.467517034201066e-14,0,TN
2989225,0,2320889,10.32,1292,mobile,MacOS,hotmail.com,C,1.0,2.0,5.0,3.0,3.0,-0.8800860045806469,-0.6907050633550157,-1.3762786641280063,1.0431447045203626,-1.2963928124912303,20,5,26,111398.0,6,73.235,214.07,-62.915,6,453,444,439.40999999999997,73.235,6.517080256346608,0,2.0031498622372896e-22,0,TN
2989226,0,2321093,72.65,1292,,iOS Device,yahoo.com,H,3.0,3.0,4.0,3.0,0.0,1.0155540924494144,0.34542958232558396,-1.0394941072578754,-1.9143205764425546,1.415951224730247,20,5,26,204.0,7,64.24714285714285,214.07,8.402857142857158,7,457,484,449.72999999999996,64.24714285714285,6.552079835376488,0,2.0226561925861556e-16,0,TN
2989227,0,2321400,251.74,1484,desktop,MacOS,,W,1.0,0.0,1.0,5.0,2.0,-1.044105054089962,-0.8145731161202474,0.6115690853885449,-0.2096951038317569,0.809188190591599,20,5,26,357459.0,4,166.6275,322.25,85.11250000000001,4,454,434,666.51,166.6275,6.510853401534461,0,1.3676146201520457e-15,0,TN
2989228,0,2321707,235.46,1386,desktop,SM-G935F Build/NRD90M,,H,4.0,2.0,2.0,3.0,1.0,-0.25387927943838423,1.0533868646812945,0.1152351399308598,1.0378414428288036,0.10402074154349304,20,5,26,1071.0,11,160.9531480217658,446.42,74.50685197823421,11,435,435,1770.4846282394237,160.9531480217658,6.48402436206708,0,3.56048408953476e-17,0,TN
2989229,0,2324457,18.02,1446,desktop,SM-G935F Build/NRD90M,yahoo.com,H,1.0,1.0,2.0,2.0,0.0,-0.6306081439640493,-0.884974472367265,-0.06714165316608038,-0.02136472932344985,-1.1258691714773474,21,5,26,252469.0,5,101.58200000000001,248.0,-83.56200000000001,5,436,485,507.91,101.58200000000001,6.522092798170152,0,1.893844369455067e-17,0,TN
2989230,0,2327681,46.67,1290,mobile,iOS Device,yahoo.com,S,1.0,2.0,3.0,2.0,2.0,0.30097366704179945,-0.7176021557799455,-1.54753191986011,0.5164044648877896,0.4079402251357714,22,5,26,801523.0,3,163.01666666666668,218.49,-116.34666666666668,3,458,486,489.05,163.01666666666668,6.5543606631649745,0,1.1984504044162366e-18,0,TN
2989231,0,2328384,97.53,1179,,MacOS,gmail.com,H,2.0,1.0,3.0,2.0,2.0,-0.8836777032548729,1.0000601342725697,-0.9570436214134432,1.2809477897608437,0.29088748232221645,22,5,26,34815.0,6,162.13166666666666,312.11,-64.60166666666666,6,455,444,972.79,162.13166666666666,6.5200318523501295,0,1.68112208988056e-22,0,TN
2989232,0,2328542,18.36,1470,,SM-G935F Build/NRD90M,,S,1.0,1.0,3.0,1.0,1.0,-0.6991162010449158,0.015352761641098535,-0.31149759776658703,0.8213787795854343,-1.0516358905639882,22,5,26,630388.0,6,54.836666666666666,116.02,-36.47666666666667,6,437,436,329.02,54.836666666666666,6.487075005067492,0,2.0644329432756482e-20,0,TN
2989233,0,2328568,345.27,1379,desktop,,,S,3.0,1.0,0.0,1.0,3.0,-0.17637387946913485,0.4379827331380209,1.8978127366373696,0.2629496199003736,-0.07230720671930616,22,5,26,125146.0,6,65.70166666666667,187.35,279.5683333333333,6,457,437,394.21,65.70166666666667,6.517818972491599,0,3.6721034827064794e-11,0,TN
2989234,0,2329941,247.22,1411,desktop,MacOS,anonymous.com,R,2.0,4.0,1.0,1.0,1.0,-0.4444631953901269,0.6812252015353066,-0.5311197159649879,2.767229509993668,-1.861042915675405,23,5,26,1481556.0,2,198.1,324.77,49.120000000000005,2,456,419,396.2,198.1,6.502340169624015,0,3.4718347379561545e-14,0,TN
2989235,0,2331102,19.27,1221,desktop,iOS Device,gmail.com,W,2.0,1.0,2.0,0.0,2.0,0.02466559183151262,-0.6983869442190745,-1.4826269202522904,-1.4279562416005755,-1.847885569682363,23,5,26,189147.0,4,87.72999999999999,174.73,-68.46,4,459,445,350.91999999999996,87.72999999999999,6.526348435967043,0,2.1943012429797907e-22,0,TN
2989236,0,2331531,13.91,1273,desktop,MacOS,yahoo.com,S,1.0,2.0,4.0,2.0,2.0,-0.7960596362903191,-0.485514672184929,-0.44414222665624126,0.4086634471127525,-1.122029641715799,23,5,26,19933.0,6,215.4766666666667,607.29,-201.5666666666667,6,457,487,1292.8600000000001,215.4766666666667,6.554075844023203,0,3.492038957579158e-17,0,TN
2989237,0,2331618,9.93,1377,mobile,Windows,yahoo.com,H,0.0,3.0,1.0,0.0,0.0,-0.753799637073451,1.4702205108591535,-0.7168869306587509,0.577863525594194,0.057268439876109134,23,5,26,65222.0,5,75.84,176.14,-65.91,5,423,488,379.2,75.84,6.505036396541998,0,3.2524855331088627e-20,0,TN
2989238,0,2331639,241.18,1243,,Windows,hotmail.com,S,2.0,0.0,4.0,2.0,2.0,-0.03854606513281771,0.6554560691912031,0.5765945139979997,-1.781428979854298,-0.8667564253284309,23,5,26,571989.0,6,77.29666666666667,185.64,163.88333333333333,6,424,445,463.78,77.29666666666667,6.474045005433671,0,5.2180575906344326e-15,0,TN
2989239,0,2332106,22.52,1419,,SM-G935F Build/NRD90M,yahoo.com,S,1.0,1.0,4.0,5.0,2.0,1.3843981409471868,-0.35871360695563803,-2.6127796306889115,-0.6123457589705333,1.0511561660091417,23,5,26,202707.0,4,81.655,168.74,-59.135000000000005,4,438,489,326.62,81.655,6.527811708104051,0,6.46285236470958e-17,0,TN
2989240,0,2332254,54.83,1416,mobile,Windows,,S,2.0,1.0,3.0,0.0,4.0,-0.31436422147745596,0.2805208637813493,-0.6796573186629814,-1.0475488136553177,-0.7590110014422317,23,5,26,136036.0,12,61.46083333333333,196.09,-6.630833333333335,12,425,438,737.53,61.46083333333333,6.471109053390398,0,2.305261224629736e-22,0,TN
2989241,0,2332309,60.58,1447,,iOS Device,yahoo.com,C,4.0,0.0,2.0,3.0,1.0,,-0.18528282555500442,1.4275101369142753,0.049200047935064946,-0.37845528062140543,23,5,26,90161.0,3,29.86,43.74,30.72,3,460,490,89.58,29.86,6.560040076414876,0,3.461211898566344e-15,0,TN
2989242,0,2332933,92.38,1153,mobile,SM-G935F Build/NRD90M,,C,3.0,1.0,2.0,0.0,2.0,0.39349766189877594,0.8699001829332633,0.6229663700299426,-0.38666573422245065,1.09306455736691,0,6,27,507072.0,6,117.43,203.57,-25.05000000000001,6,439,439,704.58,117.43,6.492391338694725,0,2.1534141929615442e-26,0,TN
2989243,0,2334339,8.44,1303,desktop,iOS Device,,C,0.0,4.0,2.0,1.0,1.0,-0.8117846433299237,0.17245598084265207,0.0631309680757983,1.9624457559635458,-0.4539069697193787,0,6,27,78072.0,2,29.05,45.13,-20.61,2,461,440,58.1,29.05,6.525322869984546,0,2.602233458191052e-26,0,TN
2989244,0,2335388,26.72,1423,mobile,iOS Device,gmail.com,C,4.0,2.0,3.0,2.0,0.0,0.7210263781146591,-0.10631000930475727,-0.5572954677770411,1.1101514171538698,0.015149554570429545,0,6,27,,0,,,,0,462,446,0.0,0.0,6.530877627725885,0,1.3105400171328887e-20,0,TN
2989245,0,2336441,269.08,1272,mobile,Windows,yahoo.com,R,0.0,2.0,2.0,5.0,1.0,-0.09873587843257335,-1.0879060878208664,0.6745330019259884,0.30459652601695036,0.9828232822349114,1,6,27,129502.0,7,76.26857142857143,113.57,192.81142857142856,7,426,491,533.88,76.26857142857143,6.512042462316651,0,6.733057762274506e-15,0,TN
2989246,0,2337801,240.04,1423,,Windows,gmail.com,S,7.0,2.0,4.0,2.0,2.0,1.0009308877868703,0.6485028600757906,0.637784318467336,-0.0440103887570518,1.9295079955064962,1,6,27,2413.0,1,26.72,26.72,213.32,1,427,447,26.72,26.72,6.47943087672789,0,0.7539897926420669,0,TN
2989247,0,2339128,153.0,1134,desktop,iOS Device,,R,0.0,2.0,4.0,0.0,0.0,2.5899836219084973,-0.341146059308831,-1.1231700728017364,-2.2327961406920114,0.893045520234146,1,6,27,678242.0,5,95.07000000000001,156.13,57.92999999999999,5,463,441,475.35,95.07000000000001,6.529418838262226,0,0.00012280645735758937,0,TN
2989248,0,2340094,2.96,1312,desktop,Windows,yahoo.com,H,2.0,1.0,3.0,2.0,2.0,0.041337760891444156,0.9815747708696291,1.098321900700355,-1.7239338063008207,0.4506935512047945,2,6,27,298967.0,5,96.43376298194062,363.2588149097031,-93.47376298194062,5,428,492,482.1688149097031,96.43376298194062,6.515453157400254,0,1.68112208988056e-22,0,TN
2989249,0,2340122,40.6,1007,desktop,Windows,yahoo.com,W,4.0,2.0,2.0,3.0,0.0,1.2066961522956856,-1.7580424018043586,2.233760262023914,0.4367417761220825,2.16131609395789,2,6,27,163177.0,4,148.3309002528299,351.4736010113196,-107.73090025282991,4,429,493,593.3236010113196,148.3309002528299,6.517523551514562,0,7.666054978517967e-16,0,TN
2989250,0,2340282,99.88,1127,,Windows,gmail.com,R,2.0,0.0,2.0,0.0,3.0,1.0410313791596981,-0.5131863228294196,-0.4013133123916114,0.20576846860805342,-1.298430306195776,2,6,27,90468.0,6,65.85333333333334,196.62,34.02666666666666,6,430,448,395.12,65.85333333333334,6.485550846869675,0,5.0019601495249406e-17,0,TN
2989251,0,2341014,33.18,1372,mobile,MacOS,gmail.com,C,3.0,2.0,1.0,0.0,2.0,,0.6205013677439118,-1.0102161456907761,-1.7668693994273783,2.0799819900380583,2,6,27,149556.0,4,138.9025,405.46,-105.7225,4,458,449,555.61,138.9025,6.527811708104051,0,2.1534141929615442e-26,0,TN
2989252,0,2341056,241.34,1055,,iOS Device,,C,4.0,2.0,2.0,4.0,3.0,-0.45925189675650163,-0.007987645500220342,0.8034071687038611,0.6181452597928374,0.2281970476693716,2,6,27,867676.0,8,104.69698915054767,470.4459132043813,136.64301084945234,8,464,442,837.5759132043813,104.69698915054767,6.532043129023321,0,3.712792965289971e-14,0,TN
2989253,0,2341763,101.48,1125,,,,H,5.0,4.0,1.0,3.0,3.0,-1.3184373691113354,-0.6191625605788157,0.9319823944976254,-0.4155799535887441,0.429110297008119,2,6,27,383960.0,3,93.78333333333335,174.67,7.696666666666658,3,458,443,281.35,93.78333333333335,6.523268577259164,0,3.1360567878601494e-11,0,TN
2989254,0,2342320,8.46,1158,desktop,iOS Device,yahoo.com,S,2.0,2.0,3.0,2.0,1.0,1.145911263930694,1.1458294029243754,-0.262308211388476,-1.1093642547712346,-1.114580043138366,2,6,27,888157.0,3,274.93666666666667,672.96,-266.4766666666667,3,465,494,824.8100000000001,274.93666666666667,6.5699020892839926,0,2.1534141929615442e-26,0,TN
2989255,0,2343748,240.7,1058,mobile,SM-G935F Build/NRD90M,yahoo.com,W,3.0,2.0,3.0,3.0,3.0,-0.89369396811979,0.959805809910381,-1.2008137578476343,0.23543090119868762,-1.2504074572009145,3,6,27,35749.0,10,73.111,160.95,167.589,10,440,495,731.11,73.111,6.5359666972333565,0,2.763997706599262e-15,0,TN
2989256,0,2346043,317.45,1057,,Windows,anonymous.com,R,4.0,3.0,1.0,3.0,1.0,-0.5900845985713425,-0.7654329916549989,0.4350177513372681,0.568900947737087,-0.4911387368338717,3,6,27,70740.0,3,97.94333333333333,188.16,219.50666666666666,3,431,420,293.83,97.94333333333333,6.465055484263747,0,3.484239898973462e-15,0,TN
2989257,0,2346176,9.09,1139,mobile,Windows,anonymous.com,S,4.0,6.0,2.0,1.0,2.0,1.9010958497331616,-0.15041212513962027,-2.9038845561975872,-0.6725550430013688,-0.04695188529141233,3,6,27,,0,,,,0,432,421,0.0,0.0,6.466922027036182,0,2.3900650022841316e-10,0,TN
2989258,0,2346534,77.01,1175,,,hotmail.com,S,3.0,2.0,2.0,1.0,0.0,-0.5135169336795863,-0.9646284490562805,0.14104649401415306,0.6359068870773772,-0.016130016112452496,3,6,27,974009.0,3,55.06666666666666,127.83,21.943333333333342,3,459,446,165.2,55.06666666666666,6.526934001786732,0,5.98124570926241e-20,0,TN
2989259,0,2347686,37.15,1414,desktop,SM-G935F Build/NRD90M,,R,2.0,1.0,3.0,3.0,4.0,1.6373428100784415,-0.24715352528013504,-3.1932240082146954,-0.7669662075572372,0.2464735123296407,4,6,27,1138849.0,2,114.025,159.76,-76.875,2,441,444,228.05,114.025,6.498583308942647,0,5.73242018461879e-20,0,TN
2989260,0,2348692,50.9,1107,desktop,MacOS,hotmail.com,R,1.0,3.0,7.0,2.0,3.0,1.9497108083697232,-0.2049164326738962,-0.425855961231846,-0.5341039592188415,-0.5632961453310029,4,6,27,1605590.0,1,1.74,1.74,49.16,1,459,447,1.74,1.74,6.527372951241436,0,3.665212307756223e-12,0,TN
2989261,0,2349390,20.8,1210,,iOS Device,hotmail.com,R,2.0,3.0,0.0,1.0,4.0,-0.875893006924945,-0.4459561736588986,1.2064744144121287,-2.4954736956537698,0.4532860193269994,4,6,27,83093.0,6,61.77666666666667,127.84,-40.976666666666674,6,466,448,370.66,61.77666666666667,6.539007753809136,0,4.668184835186927e-20,0,TN
2989262,0,2349489,87.29,1446,,MacOS,gmail.com,R,2.0,2.0,5.0,2.0,2.0,0.7387789767889874,0.7082319419830507,2.1555704240057434,0.3364860029241472,-1.564315912890855,4,6,27,25032.0,6,87.65500000000002,248.0,-0.3650000000000091,6,460,450,525.9300000000001,87.65500000000002,6.531751881023592,0,8.411777632832066e-19,0,TN
2989263,0,2350255,317.96,1073,,SM-G935F Build/NRD90M,gmail.com,C,4.0,1.0,3.0,0.0,0.0,0.4746592564127224,0.7316564268889458,1.0503640228958893,-1.6527659647499373,1.4442282069989714,4,6,27,328765.0,6,162.75833333333333,340.8,155.20166666666665,6,442,451,976.55,162.75833333333333,6.505933525788771,0,2.1249125660069674e-13,0,TN
2989264,0,2354515,70.93,1166,mobile,,anonymous.com,S,0.0,4.0,0.0,0.0,5.0,0.7921546727357052,1.1625685525310199,0.16822095650918148,-0.9901487718406,-0.5806719294329148,6,6,27,298605.0,4,140.36,253.62,-69.43,4,460,422,561.44,140.36,6.510853401534461,0,1.390872803822846e-22,0,TN
2989265,0,2354585,9.66,1459,,SM-G935F Build/NRD90M,hotmail.com,S,6.0,1.0,1.0,5.0,1.0,1.1693011503358113,0.3849939163322068,0.4808503236594609,-0.512502582067065,0.1650737635351439,6,6,27,717663.0,2,104.48,204.66,-94.82000000000001,2,443,449,208.96,104.48,6.505335529059933,0,7.862166852952355e-09,0,TN
2989266,0,2355442,97.76,1403,,,anonymous.com,C,1.0,2.0,1.0,0.0,3.0,-1.81573684610881,-1.6337086809907664,0.2300446281664023,1.1006325780829502,-0.35726711031506225,6,6,27,679453.0,2,168.555,296.38,-70.795,2,461,423,337.11,168.555,6.512784907966614,0,1.390872803822846e-22,0,TN
2989267,0,2355470,42.59,1356,,MacOS,,S,2.0,4.0,1.0,1.0,1.0,0.5817194277439252,0.005242855260373191,-1.0303389817942759,-0.557191186264214,-0.024695570721800144,6,6,27,488318.0,5,60.45799999999999,139.22,-17.867999999999988,5,461,445,302.28999999999996,60.45799999999999,6.529418838262226,0,1.4713066529137966e-22,0,TN
2989268,0,2355864,194.74,1303,mobile,MacOS,yahoo.com,R,1.0,3.0,3.0,2.0,2.0,,0.772263954240453,0.42309626058170546,1.170723948263514,0.2858303861754239,6,6,27,21525.0,3,22.180000000000003,45.13,172.56,3,462,496,66.54,22.180000000000003,6.567094281739469,0,4.328721214916931e-13,0,TN
2989269,0,2358558,58.04,1232,desktop,SM-G935F Build/NRD90M,gmail.com,W,0.0,0.0,1.0,2.0,2.0,-0.48288013805100705,0.12767085846279524,-0.34973056995011126,-1.510209598726104,3.633216922112699,7,6,27,801673.0,4,128.9401610167551,205.15064406702044,-70.9001610167551,4,444,452,515.7606440670204,128.9401610167551,6.5093650845459345,0,2.1534141929615442e-26,0,TN
2989270,0,2358755,22.42,1326,,SM-G935F Build/NRD90M,,S,1.0,4.0,1.0,1.0,4.0,0.941857116289609,0.8462049070429781,0.795241086322328,0.4877365046156263,-1.788974809109692,7,6,27,610446.0,6,69.04,122.5,-46.620000000000005,6,445,446,414.24,69.04,6.506680519175266,0,2.305261224629736e-22,0,TN
2989271,0,2360799,22.21,1371,mobile,Windows,,W,1.0,1.0,2.0,4.0,2.0,1.237560661449206,1.1100752829155998,1.1432583702265908,0.8488187629147881,-0.9081089728116758,7,6,27,345094.0,3,84.94666666666667,185.27,-62.73666666666667,3,433,447,254.84,84.94666666666667,6.488900933754956,0,3.1364724727378324e-22,0,TN
2989272,0,2361904,147.43,1181,mobile,,gmail.com,W,1.0,5.0,4.0,1.0,3.0,-0.48492704759068156,-1.4308491198906772,-0.4439198265045313,-0.0825049146236745,-1.2399580786212783,8,6,27,647817.0,2,93.86,176.75,53.57000000000001,2,462,453,187.72,93.86,6.536256720437246,0,3.6652999540385186e-17,0,TN
2989273,0,2362506,31.87,1121,mobile,Windows,gmail.com,C,3.0,2.0,2.0,5.0,1.0,-1.3017853520409748,0.6723235052865691,-0.07410735295493341,1.071086881460433,0.30293945556547236,8,6,27,160202.0,6,122.3412837076308,258.80770224578475,-90.47128370763079,6,434,454,734.0477022457848,122.3412837076308,6.496171489865795,0,3.942079663256354e-22,0,TN
2989274,0,2362760,146.77,1333,mobile,iOS Device,hotmail.com,H,1.0,3.0,2.0,7.0,1.0,1.858340672688497,0.39553216087026166,0.2441896464704182,-0.334378434352997,0.38736323478679907,8,6,27,1269067.0,4,81.4725,144.5,65.29750000000001,4,467,450,325.89,81.4725,6.541607033250923,0,1.3702900985845416e-06,0,TN
2989275,0,2363187,24.05,1202,mobile,iOS Device,anonymous.com,S,5.0,3.0,1.0,1.0,3.0,-0.8237463700386038,1.651179286696759,0.2210046098079914,0.06923839235924033,1.393273123033054,8,6,27,1413124.0,4,96.01750000000001,307.42,-71.96750000000002,4,468,424,384.07000000000005,96.01750000000001,6.524149505226866,0,3.095625703267642e-11,0,TN
2989276,0,2365603,39.81,1454,desktop,SM-G935F Build/NRD90M,,C,4.0,3.0,4.0,2.0,3.0,-1.333759379961233,-0.6007100980145227,2.2015492854690564,-2.7553664225643755,0.05045476264869806,9,6,27,328242.0,3,74.14333333333333,107.66,-34.33333333333333,3,446,448,222.43,74.14333333333333,6.509216130944706,0,1.7869911234615518e-26,0,TN
2989277,0,2367227,63.64,1028,,MacOS,hotmail.com,C,4.0,0.0,3.0,2.0,3.0,0.198258006505855,1.1725860785004012,-0.2766587285034412,-0.505430884634403,1.2866128268977266,9,6,27,502601.0,7,54.82142857142857,81.77,8.818571428571431,7,463,451,383.75,54.82142857142857,6.536981410663903,0,1.7869911234615518e-26,0,TN
2989278,0,2367420,287.81,1201,mobile,iOS Device,hotmail.com,W,1.0,3.0,1.0,3.0,3.0,-2.2658697588147705,-0.08408249723435564,-1.8769234217546933,-1.1294259900299521,1.1173674820504642,9,6,27,128721.0,5,152.254,494.81,135.556,5,469,452,761.27,152.254,6.54606779321986,0,1.469911962075081e-13,0,TN
2989279,0,2367630,269.43,1092,mobile,iOS Device,,S,3.0,0.0,2.0,1.0,3.0,0.08070666998943248,0.20504131621236868,-0.2057540231732475,0.9323529658327023,-0.12470163630977098,9,6,27,65627.0,5,140.13600000000002,266.81,129.29399999999998,5,470,449,700.6800000000001,140.13600000000002,6.54534966033442,0,2.6618637113566467e-14,0,TN
2989280,0,2368331,24.18,1328,desktop,Windows,,C,3.0,2.0,0.0,2.0,0.0,0.8366070027909517,0.02758552180328641,1.9090068658036217,0.8261590415893337,-0.6882235604314981,9,6,27,586256.0,5,144.45,274.95,-120.26999999999998,5,435,450,722.25,144.45,6.494509983555011,0,2.1534141929615442e-26,0,TN
2989281,0,2370269,45.35,1355,desktop,Windows,yahoo.com,R,4.0,1.0,1.0,0.0,0.0,-0.5579913570413085,1.7229150061064873,0.4078727565400889,1.1790377827978884,-0.13898222451815234,10,6,27,676251.0,5,143.12,339.95,-97.77000000000001,5,436,497,715.6,143.12,6.530877627725885,0,2.1534141929615442e-26,0,TN
2989282,0,2370546,17.18,1175,desktop,iOS Device,anonymous.com,C,0.0,0.0,0.0,4.0,1.0,0.529568455571636,-0.8951849352386229,0.1071388343048561,-2.349516446079279,-0.6636724493633904,10,6,27,24012.0,4,60.5525,127.83,-43.3725,4,471,425,242.21,60.5525,6.529272842203859,0,2.602233458191052e-26,0,TN
2989283,0,2371566,72.33,1329,,SM-G935F Build/NRD90M,,R,1.0,0.0,4.0,4.0,1.0,0.4799996380744277,0.2722485665038139,-1.204942834588672,0.18349783901223957,0.0753123933656207,10,6,27,246626.0,4,33.0425,67.02,39.2875,4,447,451,132.17,33.0425,6.513081731952171,0,4.99194661051564e-20,0,TN
2989284,0,2372303,62.73,1210,desktop,Windows,gmail.com,H,1.0,3.0,0.0,2.0,0.0,0.505748411596908,1.1618365191860638,-0.13540657441419804,0.3331561278299563,-0.7925314345738452,10,6,27,22913.0,7,55.92285714285714,127.84,6.807142857142857,7,437,455,391.46,55.92285714285714,6.501589925759579,0,1.8408129044514485e-18,0,TN
2989285,0,2374023,232.02,1183,,iOS Device,yahoo.com,R,0.0,2.0,3.0,2.0,0.0,-0.40363183378686995,2.0268376965524175,1.5308465679817984,-1.879447681139871,0.3442790531508054,11,6,27,58443.0,7,182.45142857142858,387.48,49.56857142857143,7,472,498,1277.16,182.45142857142858,6.582994198288936,0,5.761278377596184e-17,0,TN
2989286,0,2374628,266.93,1094,desktop,MacOS,anonymous.com,R,3.0,2.0,3.0,3.0,0.0,0.03779036568274228,-0.9790176145352855,1.1028136030266742,-1.4528335478905727,-1.630844812186462,11,6,27,237497.0,10,93.921,243.84,173.00900000000001,10,464,426,939.21,93.921,6.520621127558696,0,1.227455039939865e-15,0,TN
2989287,0,2375027,49.38,1272,desktop,Windows,gmail.com,W,1.0,4.0,4.0,0.0,1.0,0.18505533178320188,1.0095933075259935,1.4467442397537051,2.151856772972048,0.3794089774220093,11,6,27,38586.0,8,100.37,269.08,-50.99,8,438,456,802.96,100.37,6.5039887275095545,0,3.716426184161011e-20,0,TN
2989288,0,2376627,68.68,1136,desktop,iOS Device,gmail.com,C,3.0,4.0,1.0,0.0,2.0,0.07356935957333564,-0.2625245174071088,-1.241923250895028,0.7544047716222987,0.6914816696076318,12,6,27,1027119.0,4,92.6575,160.16,-23.977499999999992,4,473,457,370.63,92.6575,6.555214634181859,0,3.5113172006994934e-22,0,TN
2989289,0,2376835,227.56,1236,desktop,,anonymous.com,H,6.0,5.0,0.0,2.0,0.0,-0.1647060814677123,0.9230717571514693,0.7388574907787374,-0.3563025479800194,0.5745888044662595,12,6,27,1234760.0,2,28.03,33.05,199.53,2,463,427,56.06,28.03,6.518704712142068,0,0.009823634017645876,0,TN
2989290,0,2377270,165.36,1352,,Windows,yahoo.com,C,1.0,2.0,3.0,2.0,1.0,1.806175120854644,-0.6651000667216765,-2.0517821671010013,1.0986803636470326,-2.602856612792205,12,6,27,892254.0,5,92.944,225.37,72.41600000000001,5,439,499,464.72,92.944,6.536691597591305,0,2.2100266034490067e-07,0,TN
2989291,0,2378556,1.37,1417,,,gmail.com,R,1.0,2.0,1.0,0.0,2.0,0.32458652129408755,1.292077872675379,-0.09063066392230526,-1.2111302491724303,0.21875566310449468,12,6,27,1495077.0,2,20.905,31.23,-19.535,2,464,458,41.81,20.905,6.542760103427686,0,2.0738961393086815e-22,0,TN
2989292,0,2380944,39.58,1428,mobile,Windows,hotmail.com,R,7.0,2.0,2.0,1.0,0.0,0.4154612394442375,-0.3336992050893168,0.3131597418073647,0.263561637438785,0.4212887811711208,13,6,27,308482.0,2,75.765,118.74,-36.185,2,440,453,151.53,75.765,6.503838970863823,0,1.131196063434256e-06,0,TN
2989293,0,2383796,55.78,1471,desktop,Windows,anonymous.com,C,2.0,1.0,2.0,3.0,4.0,-1.2242678739810262,0.9723931228248477,1.1766888872956083,0.7265691035916524,2.865787683666945,14,6,27,203239.0,6,110.71975890724643,299.68855344347855,-54.93975890724643,6,441,428,664.3185534434785,110.71975890724643,6.487075005067492,0,1.8029851993343455e-18,0,TN
2989294,0,2383974,27.1,1264,desktop,,anonymous.com,H,1.0,0.0,3.0,3.0,2.0,2.300518015320227,-0.04747222277071129,0.931941449983015,-1.4167126785556745,0.16448659737679908,14,6,27,294555.0,5,35.628,112.17,-8.527999999999999,5,465,429,178.14,35.628,6.523562306149512,0,4.1391613521792683e-11,0,TN
2989295,0,2385216,23.26,1134,mobile,SM-G935F Build/NRD90M,,H,1.0,1.0,1.0,0.0,3.0,0.8797602232415834,-1.3626118576151454,1.2632771935373552,-0.9366657708454461,-1.4727527060795305,14,6,27,46088.0,6,104.72500000000001,156.13,-81.465,6,448,452,628.35,104.72500000000001,6.5156011849336455,0,2.8650709245568355e-20,0,TN
2989296,0,2385605,4.85,1143,,iOS Device,yahoo.com,W,3.0,3.0,1.0,2.0,0.0,0.3340202863656792,0.24843018887828527,1.4027747878028132,-0.03344948176565395,-1.6907574420835543,14,6,27,838131.0,4,131.43,219.41,-126.58000000000001,4,474,500,525.72,131.43,6.586723226848802,0,3.5113172006994934e-22,0,TN
2989297,0,2385835,104.11,1018,desktop,SM-G935F Build/NRD90M,hotmail.com,R,3.0,2.0,4.0,0.0,0.0,1.7204394346777052,-1.0429309553389907,-0.07490963307561448,1.1769778303760026,-0.22867438032285597,14,6,27,250070.0,5,139.658,429.14,-35.54799999999999,5,449,454,698.29,139.658,6.518409552753856,0,2.696016819376505e-13,0,TN
2989298,1,2385884,218.89103518907993,1230,,SM-G935F Build/NRD90M,hotmail.com,R,7.0,0.0,1.0,3.0,0.0,2.417064263145704,-0.325818365638564,-1.3315811291229485,1.6470925410139516,-0.8573255999292373,14,6,27,919138.0,4,150.6325,270.22,68.25853518907994,4,450,455,602.53,150.6325,6.520473841307601,1,0.9999988992983214,1,TP
2989299,0,2386398,6.38,1133,mobile,iOS Device,,W,0.0,2.0,1.0,1.0,1.0,-1.099353475052181,2.7149760588949867,0.5622697720069306,1.5969468643623224,0.8201345850316577,14,6,27,210727.0,4,77.0925,150.55,-70.7125,4,475,453,308.37,77.0925,6.555214634181859,0,8.636446912764395e-26,0,TN
2989300,0,2386519,27.26,1113,desktop,MacOS,gmail.com,C,2.0,0.0,2.0,0.0,0.0,,0.3232469950266619,0.8474929831424083,0.7584160776452737,1.6464837788329534,14,6,27,71035.0,7,96.8527298487024,231.36910894091676,-69.59272984870239,7,465,459,677.9691089409167,96.8527298487024,6.545636975377339,0,5.218918516870602e-20,0,TN
2989301,0,2391676,162.91,1498,mobile,SM-G935F Build/NRD90M,gmail.com,R,2.0,0.0,5.0,2.0,1.0,1.2575607423883615,0.07054359535069207,-0.5423772027586654,0.0594347594258511,-2.4121647279910983,16,6,27,475723.0,2,64.79,81.45,98.11999999999999,2,451,460,129.58,64.79,6.525322869984546,0,2.8317805814036038e-14,0,TN
2989302,0,2391813,191.71,1138,desktop,SM-G935F Build/NRD90M,hotmail.com,C,2.0,3.0,1.0,0.0,1.0,-1.8539770763832943,-1.2452490808095749,0.07466883953750295,2.8374458440474233,-0.328824280246001,16,6,27,321904.0,5,120.85257295411824,291.07,70.85742704588176,5,452,456,604.2628647705912,120.85257295411824,6.524296251136588,0,3.371889336659703e-14,0,TN
2989303,0,2392338,66.98,1124,,SM-G935F Build/NRD90M,yahoo.com,H,1.0,2.0,3.0,3.0,2.0,-0.9873292206399813,-1.8821392000545352,0.6863278594135213,0.2451987393290589,1.2885948729077352,16,6,27,297984.0,10,84.237,243.8,-17.25699999999999,10,453,501,842.37,84.237,6.558906771292869,0,2.602233458191052e-26,0,TN
2989304,0,2393649,54.8,1203,desktop,MacOS,gmail.com,S,3.0,1.0,5.0,4.0,5.0,-1.5141527718118808,-0.8183873802079266,1.5342314201504603,0.5858219137867036,0.8405447148546088,16,6,27,312400.0,4,105.3675,181.17,-50.56750000000001,4,466,461,421.47,105.3675,6.548075826023106,0,1.8248004479859692e-18,0,TN
2989305,0,2393728,382.01,1060,,Windows,anonymous.com,W,1.0,6.0,1.0,0.0,3.0,0.968337851397613,-0.5860733324695232,-1.4047234210559107,1.1890727841717097,-0.8318722688579614,16,6,27,298374.0,11,83.14272727272727,380.23,298.86727272727273,11,442,430,914.57,83.14272727272727,6.490875268058674,0,5.1431553402508576e-15,0,TN
2989306,0,2395312,23.38,1249,desktop,,,R,2.0,4.0,1.0,3.0,0.0,0.09569865873768975,-0.9383058642491128,1.2306823453567983,-0.9159882008839745,0.3780760495378123,17,6,27,362119.0,7,123.72571428571429,418.18,-100.3457142857143,7,466,454,866.08,123.72571428571429,6.543480097698835,0,4.9053995366699935e-20,0,TN
2989307,0,2395389,25.25,1297,,,yahoo.com,W,3.0,2.0,2.0,3.0,3.0,0.45953414398526843,-0.6883545604752982,-0.05940405899905395,1.0224293174503776,1.20333344773668,17,6,27,126941.0,4,80.845,158.97,-55.595,4,467,502,323.38,80.845,6.578417531261524,0,1.5317900175425043e-22,0,TN
2989308,0,2396582,35.51,1012,desktop,MacOS,gmail.com,H,0.0,2.0,5.0,2.0,1.0,-1.0394711592515893,-1.4986103117309852,-0.1646925688435679,-0.8563826619711534,0.03245700293093303,17,6,27,159958.0,4,78.6775,129.75,-43.1675,4,467,462,314.71,78.6775,6.550222824629276,0,1.1756896559455226e-88,0,TN
2989309,0,2398387,19.97,1395,,SM-G935F Build/NRD90M,hotmail.com,H,2.0,2.0,1.0,2.0,0.0,,-0.37948112494440905,1.2507698158520961,0.9717806669766353,0.6560382350936609,18,6,27,724726.0,2,190.335,328.17,-170.365,2,454,457,380.67,190.335,6.5275192249197485,0,3.5224903482273897e-17,0,TN
2989310,0,2399736,48.7,1254,,,,H,2.0,3.0,4.0,2.0,2.0,-1.5431459666148273,-1.8343967647934674,-0.5407777546614798,1.073435455960462,1.2703899342789136,18,6,27,654349.0,2,32.985,54.72,15.715000000000003,2,468,455,65.97,32.985,6.546354902036073,0,4.934226776661873e-22,0,TN
2989311,0,2400581,242.73,1084,,MacOS,gmail.com,H,0.0,2.0,1.0,4.0,0.0,0.8250779831452416,0.14892642983220983,0.5364425643680153,0.6569792409283959,-0.07891306832055957,18,6,27,331014.0,3,74.75333333333333,97.82,167.97666666666666,3,468,463,224.26,74.75333333333333,6.552222539622182,0,6.004178318867488e-15,0,TN
2989312,0,2401686,96.54,1457,mobile,iOS Device,hotmail.com,S,1.0,0.0,0.0,3.0,3.0,1.7990824815117052,-1.0350360023011216,-0.6916129823599585,0.2307540537092319,0.09174972520058994,19,6,27,539083.0,3,31.650000000000002,58.57,64.89,3,476,458,94.95,31.650000000000002,6.560040076414876,0,3.281957266607946e-11,0,TN
2989313,0,2402521,54.09,1019,,,gmail.com,C,1.0,6.0,0.0,1.0,1.0,-2.268697482492623,-0.21028338481323006,-0.2074287894285969,1.4732939206741174,1.0269175903916719,19,6,27,1438510.0,1,28.66,28.66,25.430000000000003,1,469,464,28.66,28.66,6.554075844023203,0,5.98124570926241e-20,0,TN
2989314,0,2403515,273.43,1049,desktop,iOS Device,,C,1.0,1.0,2.0,3.0,3.0,1.3784769081692407,0.37651983130257366,1.4754469382021502,-1.4849515236900643,0.7165058682040922,19,6,27,1280535.0,3,192.34666666666666,243.05,81.08333333333334,3,477,456,577.04,192.34666666666666,6.560040076414876,0,1.2285199949040578e-10,0,TN
2989315,0,2403730,5.97,1163,desktop,SM-G935F Build/NRD90M,anonymous.com,S,2.0,4.0,1.0,2.0,2.0,-0.09823485067832322,-1.1087698180008945,0.4250028331637127,-0.5004893466689445,1.361053518495305,19,6,27,668141.0,6,86.24666666666667,181.97,-80.27666666666667,6,455,431,517.48,86.24666666666667,6.51040713897592,0,5.0701505893516015e-17,0,TN
2989316,0,2403736,24.61,1091,mobile,,anonymous.com,C,4.0,5.0,2.0,6.0,1.0,0.35489453164939755,-1.2404294465166645,1.2817164283386246,-0.8562978752778164,0.9360956363856632,19,6,27,461769.0,5,181.458,546.72,-156.848,5,470,432,907.29,181.458,6.533061829540727,0,2.1943012429797907e-22,0,TN
2989317,0,2404523,84.45,1087,desktop,MacOS,hotmail.com,H,0.0,0.0,3.0,2.0,2.0,-0.38421572647524826,0.24646172682759493,-2.049103392285809,-0.17225669535590107,1.7565518892301317,19,6,27,565440.0,5,93.196,267.16,-8.745999999999995,5,469,459,465.98,93.196,6.551080335043404,0,2.1534141929615442e-26,0,TN
2989318,0,2404536,96.59,1068,,Windows,anonymous.com,C,3.0,0.0,2.0,1.0,5.0,-1.066859435659507,-0.9772431335902719,1.3192752161084438,-0.13880610810118502,-0.576545114200663,19,6,27,96002.0,5,146.50600000000003,315.97,-49.916000000000025,5,443,433,732.5300000000001,146.50600000000003,6.493753839851686,0,1.4581641385321822e-18,0,TN
2989319,0,2405449,5.04,1036,desktop,,,W,1.0,0.0,1.0,1.0,2.0,1.674237536116947,-0.7199512490929926,-1.023025238275699,-0.17642344923974804,0.3359263451450551,20,6,27,1404821.0,3,95.81,147.42,-90.77,3,471,457,287.43,95.81,6.552222539622182,0,6.689872507510071e-17,0,TN
2989320,0,2405524,52.59,1252,mobile,,hotmail.com,C,1.0,1.0,5.0,3.0,3.0,-0.625822043796362,-0.5397589076224729,-0.6283115933871833,2.536484530907531,-0.13902283722501949,20,6,27,103957.0,6,137.52589950078405,461.90539700470424,-84.93589950078405,6,472,460,825.1553970047042,137.52589950078405,6.556210012863403,0,2.259365421662535e-18,0,TN
2989321,0,2406884,105.74,1251,mobile,,gmail.com,W,0.0,1.0,3.0,1.0,0.0,1.542059295150445,1.1876359040596414,-0.4597943535602585,-0.5167633752116251,-1.6595504997283408,20,6,27,153006.0,1,27.43,27.43,78.31,1,473,465,27.43,27.43,6.560464734925045,0,5.707297258985925e-16,0,TN
2989322,0,2407088,120.76,1139,mobile,,yahoo.com,R,1.0,2.0,0.0,2.0,0.0,0.7995973848797407,1.7097677273353826,0.3768837698211075,-0.13740947965281514,-0.9811430168359011,20,6,27,60912.0,1,9.09,9.09,111.67,1,474,503,9.09,9.09,6.588376119787101,0,2.623605871468929e-14,0,TN
2989323,0,2407329,102.65,1354,mobile,MacOS,gmail.com,W,1.0,3.0,1.0,2.0,1.0,-0.231122245114956,-0.9750431480151852,0.3926105605325294,1.9371603257953964,1.1090150537909693,20,6,27,253570.0,3,43.96,85.24,58.690000000000005,3,470,466,131.88,43.96,6.557204401751364,0,4.245272913767491e-18,0,TN
2989324,0,2407446,39.65,1380,desktop,MacOS,,W,1.0,2.0,2.0,3.0,1.0,1.7138713162028743,-1.0599466002221722,0.6127790724974265,0.8704203635666724,0.6678029230013377,20,6,27,626556.0,8,104.935,410.48,-65.285,8,471,458,839.48,104.935,6.5536484631491145,0,2.2873094278607453e-18,0,TN
2989325,0,2408712,10.82,1167,mobile,Windows,hotmail.com,H,1.0,1.0,2.0,2.0,4.0,-0.03898190830958688,-1.5132586078449919,0.37526936233960495,0.3959869307693459,0.9759123181461034,21,6,27,719737.0,4,66.68,109.56,-55.86000000000001,4,444,461,266.72,66.68,6.5160451361063085,0,5.558525208156856e-20,0,TN
2989326,0,2408866,56.71,1053,desktop,MacOS,gmail.com,H,1.0,0.0,2.0,3.0,1.0,1.3221905941071281,0.5914652792819397,0.38986196033691645,1.4798819332713327,-0.18766641335369988,21,6,27,90681.0,8,85.03229851835252,213.5483881468201,-28.322298518352518,8,472,467,680.2583881468202,85.03229851835252,6.561454904041944,0,2.21095321962673e-18,0,TN
2989327,0,2408923,14.78,1385,,MacOS,hotmail.com,H,2.0,4.0,3.0,1.0,4.0,1.256869994100839,0.5982332166512756,-0.3050096825491714,-0.9892951571101857,0.17958284948566486,21,6,27,873760.0,4,100.14750000000001,218.68,-85.3675,4,473,462,400.59000000000003,100.14750000000001,6.558765017801951,0,4.6177455709614414e-20,0,TN
2989328,0,2409021,295.93,1177,,SM-G935F Build/NRD90M,anonymous.com,W,4.0,2.0,1.0,2.0,1.0,-1.2608061354889948,1.1735305567590277,0.22719342859004676,1.2182864482775708,0.4450269291095022,21,6,27,596151.0,5,93.94,143.88,201.99,5,456,434,469.7,93.94,6.51397167564781,0,4.334243287622459e-16,0,TN
2989329,0,2410059,65.47,1296,,SM-G935F Build/NRD90M,yahoo.com,S,6.0,1.0,0.0,4.0,2.0,-0.7684594659711402,2.0807317921053805,0.4394344872900885,1.4147371117413066,-0.27703532586707347,21,6,27,270169.0,5,76.018,137.43,-10.548000000000002,5,457,504,380.09000000000003,76.018,6.565968947537155,0,6.640854539616056e-10,0,TN
2989330,0,2411197,39.16,1300,desktop,iOS Device,,H,1.0,0.0,3.0,0.0,3.0,-0.19258161048772407,-0.11188272434305316,-1.416460706072493,1.6024735871543505,0.40593104667409285,21,6,27,860990.0,2,27.23,41.54,11.929999999999996,2,478,459,54.46,27.23,6.56343230581621,0,2.4356470339743916e-18,0,TN
2989331,0,2412533,146.37,1358,desktop,Windows,gmail.com,H,1.0,1.0,1.0,2.0,1.0,-0.1715313955593264,-1.3308584748776846,0.5332003359652896,0.5916225740988102,-2.0956722652574684,22,6,27,164209.0,6,192.13666666666666,715.01,-45.76666666666665,6,445,468,1152.82,192.13666666666666,6.522974762066806,0,2.3156851410872313e-18,0,TN
2989332,1,2412741,348.43918921358716,1105,desktop,SM-G935F Build/NRD90M,yahoo.com,W,7.0,1.0,1.0,1.0,4.0,4.2190501173075985,0.9464867740336218,0.2211638634716659,-0.40397002139355614,0.0672395482293318,22,6,27,1485811.0,2,51.205,80.06,297.2341892135872,2,458,505,102.41,51.205,6.567656474305226,1,0.999999693040548,1,TP
2989333,0,2414999,38.11,1136,desktop,Windows,,R,1.0,0.0,1.0,4.0,0.0,-1.7065307272624646,-0.9295588149909055,1.0540706284023138,1.1929296729743597,-0.45693760049505294,22,6,27,38372.0,5,87.862,160.16,-49.751999999999995,5,446,460,439.31,87.862,6.518409552753856,0,3.679899123296207e-17,0,TN
2989334,0,2416101,168.11,1189,desktop,Windows,,R,0.0,4.0,3.0,0.0,1.0,,-1.408453300379354,1.5069363395977573,-1.2360917738279054,0.5238240805707988,23,6,27,663230.0,2,66.705,102.88,101.40500000000002,2,447,461,133.41,66.705,6.520179203709713,0,1.1270136949914865e-15,0,TN
2989335,0,2416153,202.86,1127,mobile,,anonymous.com,C,1.0,3.0,2.0,4.0,3.0,0.5564321832378256,1.4730238545699839,1.5650291685717919,0.7606751944631144,1.7179097513272874,23,6,27,75871.0,7,70.71428571428571,196.62,132.1457142857143,7,475,435,495.0,70.71428571428571,6.542760103427686,0,6.133114299442236e-17,0,TN
2989336,0,2416655,112.78,1341,desktop,Windows,hotmail.com,R,2.0,2.0,5.0,3.0,1.0,0.8680435295694365,-2.4216004381353993,-3.20771298316229,0.4883039911843281,0.5781390624634378,23,6,27,330603.0,6,66.685,145.43,46.095,6,448,463,400.11,66.685,6.5237091382472725,0,1.206361477207253e-19,0,TN
2989337,0,2418914,5.81,1046,mobile,,hotmail.com,H,0.0,4.0,4.0,2.0,3.0,-0.5783861155582368,1.0767839460398545,-0.8642497109592056,0.32863055502893623,0.6452975973909723,23,6,27,1222309.0,3,128.97666666666666,292.35,-123.16666666666666,3,476,464,386.93,128.97666666666666,6.564278568208041,0,3.5153428734569524e-20,0,TN
2989338,0,2418917,84.55,1004,,iOS Device,yahoo.com,S,1.0,3.0,4.0,0.0,4.0,-1.0171977599404518,0.397350729698707,-1.01764695701303,-0.05481255210636115,2.192687555101222,23,6,27,336462.0,4,62.4025,128.67,22.147499999999994,4,479,506,249.61,62.4025,6.597691255637225,0,3.696540162728412e-17,0,TN
2989339,1,2419211,411.69742859894075,1459,mobile,iOS Device,anonymous.com,C,14.0,3.0,3.0,2.0,4.0,,-0.5003680887283738,0.03174598225927874,1.6086607157058157,-0.31566892303581623,0,0,28,64626.0,3,72.87333333333333,204.66,338.8240952656074,3,480,436,218.62,72.87333333333333,6.5500798347098215,1,0.9954599900023087,1,TP
2989340,0,2421941,15.68,1256,desktop,iOS Device,,S,2.0,0.0,2.0,2.0,3.0,0.5480825322407878,0.5662411666560242,-0.6593511867090984,0.5799709257499217,-0.8539379974483405,0,0,28,763590.0,9,71.14555555555555,172.95,-55.46555555555555,9,481,462,640.31,71.14555555555555,6.570742896508415,0,1.7869911234615518e-26,0,TN
2989341,0,2422058,26.96,1299,desktop,,anonymous.com,S,5.0,1.0,2.0,2.0,0.0,-1.1960160790961902,0.5091259113629947,0.9759591755548248,0.9215549604181971,-1.3491479623462628,0,0,28,656971.0,5,112.46600000000001,203.29,-85.506,5,477,437,562.33,112.46600000000001,6.546785410760524,0,2.1757107488123598e-13,0,TN
2989342,0,2425083,215.13,1149,mobile,,anonymous.com,H,0.0,4.0,5.0,2.0,4.0,-0.2754853412321108,-0.7729364777106635,-0.6719368598524744,0.11038230713144966,1.5182733260319283,1,0,28,335004.0,3,94.30333333333333,126.64,120.82666666666667,3,478,438,282.90999999999997,94.30333333333333,6.54864880985199,0,9.390235665773687e-17,0,TN
2989343,0,2425535,3.03,1293,desktop,iOS Device,yahoo.com,W,2.0,1.0,3.0,2.0,1.0,-0.44850110185394904,-0.41954086950219366,0.20501662286297742,1.174734260895934,1.1536078196754078,1,0,28,1070629.0,3,319.17,412.73,-316.14000000000004,3,482,507,957.51,319.17,6.602316484941097,0,1.1601515773082883e-22,0,TN
2989344,0,2426167,140.73,1242,mobile,,hotmail.com,W,3.0,0.0,0.0,0.0,0.0,-1.5341019986116708,2.642334509922409,-0.7836549920037014,-0.3331308541608125,-1.416844710916573,1,0,28,545738.0,2,100.81,195.19,39.91999999999999,2,479,465,201.62,100.81,6.569060574507825,0,6.467043543326757e-17,0,TN
2989345,0,2428391,65.2,1274,desktop,MacOS,anonymous.com,W,1.0,0.0,1.0,4.0,0.0,-1.5802267577026639,0.8220095795954409,0.13377212614682366,-1.145332774913256,1.125719725642298,2,0,28,1388714.0,5,187.60728582374273,322.87642911871353,-122.40728582374273,5,474,439,938.0364291187136,187.60728582374273,6.543911845564792,0,2.2712520949399604e-22,0,TN
2989346,0,2428435,60.2,1207,,MacOS,anonymous.com,R,1.0,2.0,1.0,0.0,0.0,1.4908887169398013,2.1625046366757568,-2.5925952624973516,-0.498404949426165,0.5164037386507933,2,0,28,335693.0,7,75.93714285714285,145.19,-15.737142857142842,7,475,440,531.56,75.93714285714285,6.546354902036073,0,3.8417512342495797e-22,0,TN
2989347,0,2429794,1.71,1414,,,anonymous.com,W,4.0,1.0,2.0,1.0,3.0,0.8133418795468466,-0.21500141412548715,-0.6618736856150323,-0.5962383720927138,-1.370802976101148,2,0,28,82108.0,3,88.39999999999999,159.76,-86.69,3,480,441,265.2,88.39999999999999,6.5536484631491145,0,2.8650709245568355e-20,0,TN
2989348,0,2432982,172.15,1114,mobile,,gmail.com,H,1.0,0.0,2.0,0.0,1.0,1.012328998027664,-0.7122678663618206,-1.7550538432992435,-2.2653240609191694,0.444076779838596,3,0,28,392228.0,5,123.356,283.6,48.79400000000001,5,481,469,616.78,123.356,6.57507584059962,0,5.205371575447595e-16,0,TN
2989349,0,2434049,45.6,1194,desktop,SM-G935F Build/NRD90M,anonymous.com,R,3.0,1.0,1.0,4.0,1.0,-0.3389945883141696,0.4204655393080566,1.1097950882249392,0.01589428815414421,0.20305394234090263,4,0,28,778526.0,3,131.1,352.05,-85.5,3,459,442,393.3,131.1,6.524002737779623,0,1.1601515773082883e-22,0,TN
2989350,0,2434603,78.82,1342,desktop,SM-G935F Build/NRD90M,anonymous.com,W,2.0,2.0,1.0,3.0,1.0,0.1478330200881843,-0.5539649585099395,0.1138492952489616,-1.3515343251750807,0.012593937193194692,4,0,28,461097.0,3,193.85333333333332,301.59,-115.03333333333333,3,460,443,581.56,193.85333333333332,6.526201990920286,0,1.390872803822846e-22,0,TN
2989351,0,2435716,114.1,1169,,Windows,,S,4.0,1.0,2.0,5.0,2.0,0.5747148028209648,0.14537561114336175,-0.11978499652165243,-0.2770277286873598,-1.3593022683171967,4,0,28,1078420.0,3,51.60666666666666,73.31,62.49333333333333,3,449,463,154.82,51.60666666666666,6.524736359703803,0,8.369756139634807e-13,0,TN
2989352,0,2436316,122.28,1378,mobile,Windows,gmail.com,H,3.0,3.0,2.0,0.0,1.0,1.5766475152504604,-0.9201204030988835,-0.39516728743804846,0.04523983874001561,2.7177034139763907,4,0,28,207050.0,7,148.81391229864872,347.78,-26.533912298648715,7,450,470,1041.697386090541,148.81391229864872,6.531897515626631,0,4.155502660682013e-14,0,TN
2989353,0,2437170,313.31,1081,desktop,Windows,anonymous.com,H,3.0,2.0,2.0,1.0,1.0,0.3922023817246755,-0.11787112473230035,-0.1833594231287703,-0.6631888275001909,-1.154439825090446,4,0,28,545302.0,3,42.723333333333336,63.6,270.58666666666664,3,451,444,128.17000000000002,42.723333333333336,6.513675115740536,0,2.696804446054726e-12,0,TN
2989354,0,2437631,76.79,1153,desktop,iOS Device,anonymous.com,C,6.0,2.0,5.0,4.0,0.0,-0.6685414572319118,-1.2811733716695752,1.0593811569321059,0.16336633581068638,-0.9269071430323772,5,0,28,104698.0,7,113.85142857142857,203.57,-37.061428571428564,7,483,445,796.96,113.85142857142857,6.5613135113234335,0,2.3229640763182187e-09,0,TN
2989355,0,2438278,52.04,1140,desktop,MacOS,yahoo.com,H,2.0,3.0,4.0,3.0,2.0,,-0.19889012471840825,0.0016684853607460194,-0.17449257073832816,-1.2951743347609084,5,0,28,593389.0,5,147.44400000000002,338.65,-95.40400000000002,5,476,508,737.22,147.44400000000002,6.595097220460179,0,1.1601515773082883e-22,0,TN
2989356,1,2440239,595.9406843343322,1313,,iOS Device,yahoo.com,S,13.0,2.0,4.0,0.0,2.0,0.6288726871334993,0.47646685816874157,-0.3919024124797588,-1.006616402314358,1.352669837875768,5,0,28,1737310.0,1,49.98,49.98,545.9606843343322,1,484,509,49.98,49.98,6.60610949951297,1,0.999441973266237,1,TP
2989357,0,2440247,103.75,1145,desktop,,gmail.com,H,0.0,2.0,0.0,2.0,1.0,-0.8861544945548538,0.27953867621650796,-1.745003007695435,-0.715472387019897,-1.1058833682925904,5,0,28,820263.0,5,102.75,192.42,1.0,5,482,471,513.75,102.75,6.577861357721047,0,5.3498289345134213e-17,0,TN
2989358,0,2441642,36.4,1322,mobile,SM-G935F Build/NRD90M,,C,1.0,1.0,1.0,2.0,1.0,0.10556529528315371,0.5299595982770078,-0.5496265301914108,0.6733006353800945,-0.36107041040242477,6,0,28,1302912.0,2,57.81,86.04,-21.410000000000004,2,461,464,115.62,57.81,6.542760103427686,0,4.6737033960681036e-26,0,TN
2989359,0,2442187,14.52,1121,mobile,,gmail.com,H,3.0,3.0,2.0,3.0,2.0,0.6448844171096804,-0.7400202841188648,-0.11857807140615656,0.46301227749299856,0.47224866681888145,6,0,28,79681.0,7,109.41681460654068,258.80770224578475,-94.89681460654069,7,483,472,765.9177022457848,109.41681460654068,6.580222961930396,0,4.276546112098519e-20,0,TN
2989360,0,2442274,185.87,1251,mobile,,gmail.com,H,3.0,2.0,0.0,2.0,2.0,0.6950708462140678,-0.21105261232213182,0.3724166953838967,2.490522977153529,-2.1147237115087907,6,0,28,35390.0,2,66.585,105.74,119.28500000000001,2,484,473,133.17,66.585,6.581609540078228,0,5.568026609405633e-17,0,TN
2989361,0,2442730,45.97,1342,,SM-G935F Build/NRD90M,yahoo.com,C,0.0,1.0,2.0,2.0,3.0,-0.3988651058140538,-1.1267130650217012,0.5298897624028034,-0.7025374838625215,-0.9176354392790242,6,0,28,8127.0,4,165.095,301.59,-119.125,4,462,510,660.38,165.095,6.57702651698799,0,3.0379019918884013e-17,0,TN
2989362,0,2442766,109.02,1386,,,yahoo.com,H,3.0,3.0,2.0,1.0,5.0,-0.13186702708774525,0.6660244411311468,0.7113507838036066,-0.21427918963734588,-0.7542627806475105,6,0,28,121059.0,12,167.1620523532853,446.42,-58.14205235328531,12,485,511,2005.9446282394235,167.1620523532853,6.61029219467525,0,4.792384283538754e-16,0,TN
2989363,0,2444221,64.64,1310,mobile,Windows,,R,2.0,0.0,2.0,1.0,1.0,-0.32742844550484707,2.2162092661823074,-0.1385378609781473,-0.7144476432084436,1.09596024446709,6,0,28,273523.0,3,86.45,162.87,-21.810000000000002,3,452,465,259.35,86.45,6.53058604002882,0,2.1534141929615442e-26,0,TN
2989364,0,2445038,23.18,1088,desktop,SM-G935F Build/NRD90M,anonymous.com,H,5.0,0.0,2.0,1.0,4.0,0.6895020591867206,-0.16274966720381365,-0.9043723732034342,-1.0538227066029755,-0.1624620683961927,7,0,28,332243.0,9,107.60888888888888,229.23,-84.42888888888888,9,463,446,968.48,107.60888888888888,6.533643478531968,0,1.1825292489015017e-12,0,TN
2989365,1,2445859,179.42786030379068,1474,mobile,,,W,10.0,0.0,2.0,2.0,5.0,3.8553264692003637,-0.524726841370028,-0.18228239718988928,-0.729851677790941,-0.43381263979235246,7,0,28,673463.0,4,98.16499999999999,271.11,81.26286030379069,4,486,466,392.65999999999997,98.16499999999999,6.579806613301801,1,0.9999995525805246,1,TP
2989366,0,2447131,7.26,1057,mobile,Windows,anonymous.com,W,2.0,3.0,0.0,0.0,2.0,-0.09438911126621873,-2.3544925172102915,-0.9436691631231836,-0.8605944555741764,1.0709204473828673,7,0,28,101088.0,4,152.82,317.45,-145.56,4,453,447,611.28,152.82,6.51899978443692,0,2.1534141929615442e-26,0,TN
2989367,0,2448032,54.33,1491,mobile,Windows,hotmail.com,R,1.0,1.0,4.0,1.0,2.0,-0.6339626927614223,-0.6469034733731774,-1.8081580756439692,0.17636202297902198,-0.48508662187501644,8,0,28,593992.0,5,90.51799999999999,143.73,-36.18799999999999,5,454,466,452.5899999999999,90.51799999999999,6.53451531816871,0,2.1534141929615442e-26,0,TN
2989368,0,2448064,80.1,1062,mobile,MacOS,yahoo.com,H,1.0,1.0,9.0,5.0,3.0,0.38904259285903076,0.7577671867368531,0.4146171432003125,-0.6214075680996184,1.3185272908096346,8,0,28,1844351.0,1,12.27,12.27,67.83,1,477,512,12.27,12.27,6.5986452591167355,0,4.1437198401635335e-15,0,TN
2989369,0,2448264,58.28,1346,desktop,Windows,hotmail.com,S,1.0,1.0,3.0,0.0,3.0,0.09616447155366323,0.32307588101465196,-1.936073857210237,-0.4971910744278433,2.685517191822237,8,0,28,1016098.0,4,85.85749999999999,142.32,-27.577499999999986,4,455,467,343.42999999999995,85.85749999999999,6.536546659552063,0,2.645982757520017e-17,0,TN
2989370,0,2450317,139.1,1307,mobile,iOS Device,hotmail.com,H,3.0,1.0,0.0,2.0,4.0,1.5081154571787783,0.9294745564885254,-1.0951210399453721,-0.628548811087497,1.2751298941924065,8,0,28,423548.0,8,104.7820548648954,296.6264389191632,34.317945135104594,8,485,468,838.2564389191632,104.7820548648954,6.580361706294128,0,7.782838758911213e-16,0,TN
2989371,0,2450399,176.98,1486,desktop,SM-G935F Build/NRD90M,yahoo.com,W,2.0,5.0,4.0,1.0,3.0,-0.04770167644394728,1.7322469061020411,-0.05501905926971912,-0.6441352864444829,2.0506382228268856,8,0,28,1173368.0,3,38.89,48.32,138.08999999999997,3,464,513,116.67,38.89,6.581748092208688,0,1.1809147914907562e-13,0,TN
2989372,0,2451043,148.51,1472,,SM-G935F Build/NRD90M,hotmail.com,C,0.0,1.0,0.0,3.0,1.0,-0.2151465918884069,-0.410276901707105,1.6498312752073514,-0.2167280397256136,0.6353886677944905,8,0,28,314694.0,7,73.90857142857143,224.97,74.60142857142856,7,465,469,517.36,73.90857142857143,6.552793153047079,0,4.224498053047904e-15,0,TN
2989373,0,2451798,4.96,1381,desktop,SM-G935F Build/NRD90M,gmail.com,R,0.0,2.0,2.0,4.0,5.0,-0.8300827599492706,-0.9525517687669504,-0.6871515056239221,2.324258738948264,0.28576262653636647,9,0,28,928862.0,3,68.79666666666667,154.74,-63.836666666666666,3,466,474,206.39000000000001,68.79666666666667,6.557204401751364,0,4.91425896958953e-20,0,TN
2989374,0,2452000,22.58,1279,,,anonymous.com,C,2.0,0.0,1.0,0.0,2.0,1.5274320287202978,0.7311715741764685,-2.075531859431068,0.4163338537932908,-0.013255214666420125,9,0,28,136369.0,6,99.93,338.47,-77.35000000000001,6,487,448,599.58,99.93,6.5689202531717354,0,3.266110469398976e-17,0,TN
2989375,0,2453010,77.92,1071,desktop,,,S,1.0,2.0,5.0,2.0,1.0,0.08287586990267744,0.08134222149541841,-0.15805236852771276,0.6401703640832948,1.0657598519064613,9,0,28,418350.0,5,53.162,89.11,24.758000000000003,5,488,467,265.81,53.162,6.583409222158765,0,5.045453954543976e-22,0,TN
2989376,0,2453096,274.06,1008,mobile,iOS Device,yahoo.com,H,3.0,2.0,1.0,0.0,3.0,0.24015692703305833,-1.0521423599031836,-0.0988180535071513,-1.9535067234405412,-1.2675973196431465,9,0,28,1167310.0,3,180.6014344373369,394.3043033120107,93.4585655626631,3,486,514,541.8043033120107,180.6014344373369,6.612444179365865,0,8.507937067531902e-12,0,TN
2989377,0,2453260,181.15,1365,,Windows,gmail.com,S,3.0,3.0,1.0,1.0,0.0,1.7106352697319067,-1.2675538061571128,-0.9619328337643706,-0.011626641568377203,1.0997476562847468,9,0,28,212163.0,4,124.55250000000001,371.54,56.5975,4,456,475,498.21000000000004,124.55250000000001,6.543767950320282,0,2.826767518428382e-09,0,TN
2989378,0,2456222,185.85,1420,desktop,,,C,0.0,3.0,4.0,2.0,0.0,1.1619862117583044,0.8714769562542892,-0.25009986078401747,-0.7184727448680422,-0.3851864595979352,10,0,28,1465724.0,2,347.1486854855359,492.9973709710718,-161.2986854855359,2,489,468,694.2973709710718,347.1486854855359,6.585067597331541,0,3.5867753356795246e-14,0,TN
2989379,0,2456452,37.13,1093,,Windows,,H,5.0,1.0,3.0,2.0,5.0,-1.3843764621767314,0.19526893042383425,-0.7798591810197512,0.33603255206302146,0.6655430232229538,10,0,28,1316667.0,3,50.31333333333333,58.16,-13.18333333333333,3,457,469,150.94,50.31333333333333,6.540741357248225,0,2.5721646299392704e-12,0,TN
2989380,0,2457090,57.12,1372,mobile,Windows,,S,2.0,0.0,2.0,2.0,0.0,1.200751280974052,-1.2852677133998403,0.3429438767608851,0.9259869505174777,0.1992574125289192,10,0,28,116076.0,5,117.758,405.46,-60.638,5,458,470,588.79,117.758,6.543192162194399,0,3.355571337895107e-20,0,TN
2989381,0,2458680,64.62,1338,mobile,,hotmail.com,W,1.0,2.0,2.0,3.0,5.0,1.1597461831986373,0.17053228238110715,-0.747123721769639,0.07561743725733958,0.724580687656025,10,0,28,816301.0,5,49.37,101.76,15.250000000000007,5,490,470,246.85,49.37,6.588238483010338,0,1.7869911234615518e-26,0,TN
2989382,0,2459539,18.12,1436,desktop,,hotmail.com,W,2.0,2.0,0.0,2.0,5.0,-1.7463047937454452,-1.1132256164042156,-0.7374523565875134,-0.14775577911915252,0.8139030338944542,11,0,28,683384.0,4,105.225,360.61,-87.10499999999999,4,491,471,420.9,105.225,6.590163676124212,0,2.231313549220573e-20,0,TN
2989383,0,2461728,4.16,1335,mobile,iOS Device,hotmail.com,R,1.0,6.0,3.0,1.0,3.0,1.51262543518913,0.6769262248851555,0.7837057248736692,-0.09182641063316263,0.30448822212046883,11,0,28,450927.0,9,126.21555555555557,392.23,-122.05555555555557,9,487,472,1135.94,126.21555555555557,6.586033714306832,0,1.0538832371156623e-18,0,TN
2989384,0,2463474,294.56,1151,mobile,MacOS,hotmail.com,W,3.0,3.0,0.0,2.0,3.0,-0.5784717373648169,0.953737840580451,-0.21514774798665728,-0.285048665987762,0.24597072802805636,12,0,28,,0,,,,0,478,473,0.0,0.0,6.572981598996505,0,2.7981097853722807e-18,0,TN
2989385,0,2464170,28.54,1491,mobile,SM-G935F Build/NRD90M,gmail.com,W,3.0,2.0,2.0,1.0,5.0,0.7577834689237382,0.9751261426335063,-0.598151126908506,-2.104188142026345,-0.45278591782447486,12,0,28,16138.0,6,84.48666666666666,143.73,-55.946666666666665,6,467,476,506.91999999999996,84.48666666666666,6.560464734925045,0,1.2718521313479726e-18,0,TN
2989386,0,2464335,28.44,1404,mobile,,hotmail.com,C,0.0,4.0,0.0,3.0,2.0,-0.5136738554558952,0.3538795442359996,1.509813366838988,-0.2465668253944852,0.06046612305981308,12,0,28,197223.0,3,284.58,454.56,-256.14,3,492,474,853.74,284.58,6.593455408626064,0,2.231313549220573e-20,0,TN
2989387,0,2464725,9.71,1355,mobile,,yahoo.com,W,4.0,4.0,0.0,3.0,3.0,2.2736303905520145,0.24555238283005726,0.3410691250523951,-1.0195608081504965,-0.7674116974152634,12,0,28,94456.0,6,126.825,339.95,-117.11500000000001,6,493,515,760.95,126.825,6.622869293832357,0,7.652507182995403e-11,0,TN
2989388,0,2464894,264.82,1039,desktop,Windows,,W,1.0,1.0,1.0,4.0,0.0,0.20846507460139882,-0.1386202980987189,-1.7029970384961093,-2.3552964647231533,-1.140299796057327,12,0,28,1055011.0,2,101.28999999999999,132.91,163.53,2,459,471,202.57999999999998,101.28999999999999,6.544918532929596,0,7.685742952716955e-13,0,TN
2989389,0,2465237,87.69,1358,desktop,MacOS,gmail.com,C,1.0,3.0,2.0,1.0,5.0,0.9043459042254229,-0.8577670082493576,-1.233562288988102,0.21030820085282198,-1.6040221056062745,12,0,28,52704.0,7,185.59857142857143,715.01,-97.90857142857143,7,479,477,1299.19,185.59857142857143,6.57813948315741,0,1.0538832371156623e-18,0,TN
2989390,0,2465526,110.97,1494,desktop,,hotmail.com,W,0.0,2.0,3.0,2.0,0.0,0.15554380705193757,1.1956488286984612,-0.10799968116087558,-1.6173949505645342,0.7724528488553921,12,0,28,1379572.0,2,175.01619281460017,285.73238562920034,-64.04619281460018,2,494,475,350.03238562920035,175.01619281460017,6.596736341165919,0,3.605076128026941e-18,0,TN
2989391,0,2466277,243.56,1061,desktop,MacOS,,W,5.0,3.0,1.0,0.0,0.0,-1.051123644060645,0.6533109464313037,0.8765065231269642,0.09886164237245382,-1.0250147284023385,13,0,28,548783.0,5,17.131999999999998,39.71,226.428,5,480,472,85.66,17.131999999999998,6.5757729476337765,0,0.00017966076630227153,0,TN
2989392,0,2467332,43.41,1253,,SM-G935F Build/NRD90M,gmail.com,R,2.0,0.0,1.0,2.0,0.0,-0.0860949551603631,-0.8203473829873428,-2.1596010486069197,-0.73562279237434,0.5841868187503542,13,0,28,163751.0,7,126.44000000000001,343.12,-83.03000000000002,7,468,478,885.08,126.44000000000001,6.56343230581621,0,1.1601515773082883e-22,0,TN
2989393,0,2467428,98.16,1453,,Windows,,W,0.0,1.0,1.0,1.0,3.0,-1.4050698141402662,-1.5858593026886085,-1.266520020917656,-1.3187937862153087,0.0928396638280958,13,0,28,364312.0,3,58.70333333333334,75.38,39.456666666666656,3,460,473,176.11,58.70333333333334,6.547932528752674,0,1.2655967053279893e-22,0,TN
2989394,0,2467812,4.96,1068,desktop,iOS Device,gmail.com,W,3.0,4.0,0.0,2.0,2.0,,-0.5408282224685321,1.362042318098903,0.7259774080363685,-1.1969866488765926,13,0,28,63276.0,6,138.1866666666667,315.97,-133.2266666666667,6,488,479,829.1200000000001,138.1866666666667,6.591810896812385,0,5.218918516870602e-20,0,TN
2989395,0,2468132,21.67,1397,,SM-G935F Build/NRD90M,anonymous.com,R,3.0,3.0,1.0,2.0,5.0,-0.20718934869712605,1.3344025470949534,-0.8153816880344872,0.5760078606032373,-1.6358449300372624,13,0,28,433969.0,1,41.66,41.66,-19.989999999999995,1,469,449,41.66,41.66,6.5433361403099735,0,2.8703022450488097e-22,0,TN
2989396,0,2468747,178.93,1244,mobile,MacOS,gmail.com,C,3.0,3.0,1.0,4.0,1.0,-1.3885735307582268,0.4984848203451657,-0.8094775161096752,0.5029911038087567,0.372998781534355,13,0,28,422941.0,5,127.97022504252195,397.41112521260976,50.95977495747806,5,481,480,639.8511252126098,127.97022504252195,6.582717419986587,0,6.649600538484445e-17,0,TN
2989397,0,2468757,146.57,1364,,MacOS,hotmail.com,W,2.0,1.0,1.0,0.0,4.0,,0.23652885885548458,-1.457151769934788,-0.4879586851689628,-1.1190073736524215,13,0,28,190935.0,6,134.32500000000002,373.05,12.244999999999976,6,482,476,805.95,134.32500000000002,6.581470968748414,0,5.498259399350219e-16,0,TN
2989398,0,2469529,44.18,1169,,SM-G935F Build/NRD90M,,S,2.0,1.0,3.0,4.0,3.0,-1.0834370806993614,1.3234393961853652,0.5435400926627988,-1.0648454315502889,0.2654260509368055,13,0,28,33813.0,4,67.22999999999999,114.1,-23.04999999999999,4,470,474,268.91999999999996,67.22999999999999,6.563008905908679,0,2.255758580474282e-18,0,TN
2989399,0,2469766,48.29,1177,,MacOS,,C,1.0,2.0,1.0,4.0,2.0,-0.45768679129848805,-2.058282094265474,-1.682818707491485,-0.6006736436057446,0.5450603519374867,14,0,28,60745.0,6,127.605,295.93,-79.315,6,483,475,765.63,127.605,6.582163633457136,0,5.797506815084762e-20,0,TN
2989400,0,2471233,77.26,1188,desktop,iOS Device,,C,3.0,2.0,1.0,0.0,2.0,-0.15094879688277948,-0.08037300805061887,-0.10864113768477032,-0.16594612339800638,-1.0824711238769795,14,0,28,1127825.0,6,125.40166666666669,259.55,-48.14166666666668,6,489,476,752.4100000000001,125.40166666666669,6.591124884574463,0,3.942079663256354e-22,0,TN
2989401,0,2472778,1.02,1259,desktop,iOS Device,yahoo.com,W,1.0,7.0,2.0,4.0,4.0,0.7259095891883816,1.2290258412015018,0.45592618029315335,-1.38502335976813,-1.3749147770610874,14,0,28,630522.0,7,60.35428571428571,203.48,-59.334285714285706,7,490,516,422.47999999999996,60.35428571428571,6.619673126509016,0,1.7869911234615518e-26,0,TN
2989402,0,2472888,28.61,1071,desktop,MacOS,yahoo.com,R,3.0,1.0,1.0,1.0,0.0,-0.8777858776770522,-1.004012382173301,0.07131592284568,0.39413270610515894,-0.18717468672032175,14,0,28,19878.0,6,57.288333333333334,89.11,-28.678333333333335,6,484,517,343.73,57.288333333333334,6.612175434403215,0,3.959099631324958e-20,0,TN
2989403,0,2473712,24.35,1471,,MacOS,hotmail.com,C,0.0,2.0,4.0,0.0,3.0,,-0.8754647985655035,0.21309554908788853,1.4888515751325249,-0.30548530799489887,15,0,28,89916.0,7,102.87122192049694,299.68855344347855,-78.52122192049694,7,485,477,720.0985534434785,102.87122192049694,6.586447478880696,0,4.521354815388601e-16,0,TN
2989404,0,2474678,29.83,1458,desktop,iOS Device,anonymous.com,R,3.0,3.0,1.0,0.0,4.0,0.3405646660408035,-0.2113532280857079,-0.6126220370802795,-0.36787549453024615,-0.7209491756233543,15,0,28,1855983.0,2,59.7,80.12,-29.870000000000005,2,491,450,119.4,59.7,6.575354741730978,0,3.3041309174906825e-20,0,TN
2989405,0,2475783,164.94,1016,,MacOS,yahoo.com,S,0.0,4.0,4.0,0.0,2.0,0.061044839128340286,-0.5333944708577153,1.083832414167482,-0.02698330050782926,-2.034953378288678,15,0,28,274598.0,7,142.13857142857142,305.21,22.801428571428573,7,486,518,994.97,142.13857142857142,6.615663498041656,0,6.293478029551057e-15,0,TN
2989406,0,2476537,33.81,1369,desktop,,gmail.com,R,2.0,2.0,5.0,1.0,1.0,0.7512572468768453,-0.38445758748965675,0.4012393263308722,1.8694415378286011,1.0091797304676342,15,0,28,790229.0,5,88.046,167.43,-54.236000000000004,5,495,481,440.23,88.046,6.602587892189336,0,7.842475725124866e-20,0,TN
2989407,0,2479693,22.26,1340,,Windows,hotmail.com,H,3.0,1.0,3.0,1.0,5.0,-0.2054927603268772,0.16197125874844598,-1.4395567314745434,0.6801378021676359,-0.09362939478916009,16,0,28,299920.0,3,101.91333333333334,152.43,-79.65333333333334,3,461,478,305.74,101.91333333333334,6.5529357555428644,0,1.390872803822846e-22,0,TN
2989408,0,2481737,71.17,1056,desktop,,anonymous.com,R,1.0,2.0,1.0,7.0,1.0,0.5510759851741842,-0.5658987922866202,-0.5235069015125255,0.27236045988710084,0.5727959814626932,17,0,28,547472.0,7,209.99580202604199,549.920614182294,-138.82580202604197,7,496,451,1469.970614182294,209.99580202604199,6.583685809077966,0,1.1601515773082883e-22,0,TN
2989409,0,2484483,201.73,1217,desktop,MacOS,gmail.com,C,0.0,0.0,3.0,3.0,2.0,-2.900067317658406,-0.3288591165346659,1.905538529577009,-0.5834378673098048,-0.06283695776698953,18,0,28,271630.0,7,125.06285714285714,326.82,76.66714285714285,7,487,482,875.4399999999999,125.06285714285714,6.592633490771575,0,1.1622925260968448e-16,0,TN
2989410,0,2485006,28.62,1106,desktop,MacOS,,R,3.0,2.0,1.0,3.0,5.0,-0.7340616971514399,-0.8257969689951418,0.3645159852418278,1.020531657446242,0.887280986495868,18,0,28,865731.0,7,54.347142857142856,177.94,-25.727142857142855,7,488,477,380.43,54.347142857142856,6.590575735741333,0,2.0031498622372896e-22,0,TN
2989411,0,2485505,9.18,1303,mobile,Windows,yahoo.com,R,3.0,1.0,4.0,4.0,1.0,0.03347284866335048,-0.1939985937542115,0.7022887229383562,0.06522566430560163,-0.25605080121855167,18,0,28,129641.0,4,65.32000000000001,194.74,-56.14000000000001,4,462,519,261.28000000000003,65.32000000000001,6.5832709000062515,0,3.434293413547181e-22,0,TN
2989412,0,2486470,45.07,1427,desktop,MacOS,gmail.com,H,2.0,4.0,1.0,3.0,0.0,-0.10920226512911964,0.19515175272807259,-1.1955357214142448,0.2623027529114768,-0.32955024257100474,18,0,28,840909.0,4,41.3075,146.5,3.762500000000003,4,489,483,165.23,41.3075,6.595643892607181,0,2.5478444183401065e-18,0,TN
2989413,0,2486481,138.69,1172,,Windows,anonymous.com,H,3.0,1.0,4.0,3.0,0.0,0.14524186197704866,0.11218348307660564,1.0077681675785621,-2.637598519604432,-0.8589998310555347,18,0,28,768088.0,8,160.7889269027428,729.4214152219424,-22.09892690274279,8,463,452,1286.3114152219423,160.7889269027428,6.537850346272523,0,4.1396522197741894e-17,0,TN
2989414,0,2488587,81.0,1218,desktop,iOS Device,hotmail.com,W,2.0,2.0,2.0,2.0,4.0,,-0.6079813573065764,-2.099394435013775,1.044574046417586,0.2621626747284047,19,0,28,1719619.0,3,74.40666666666667,110.87,6.593333333333334,3,492,479,223.22,74.40666666666667,6.59687281335992,0,2.784893468118083e-14,0,TN
2989415,0,2489615,170.71,1463,desktop,Windows,gmail.com,C,1.0,2.0,2.0,3.0,4.0,,-0.7499570456039023,0.30994217399759116,0.14748064935012514,-0.371078158837346,19,0,28,273330.0,6,67.19,170.64,103.52000000000001,6,464,484,403.14,67.19,6.56187896228563,0,7.695451574197185e-15,0,TN
2989416,0,2491299,321.87,1246,,Windows,hotmail.com,W,3.0,3.0,3.0,3.0,0.0,0.30047088955598383,-0.38205191536623,-0.3151332986421093,-0.644403914337295,-0.5129609553690517,20,0,28,860286.0,4,49.2725,101.87,272.5975,4,465,480,197.09,49.2725,6.56018164928975,0,2.665066559545806e-12,0,TN
2989417,0,2495429,158.34,1217,desktop,,,H,4.0,2.0,3.0,1.0,3.0,,-0.4153906063044755,-0.2826537654494283,0.878137693367959,-1.7005110953544214,21,0,28,10946.0,8,134.64624999999998,326.82,23.693750000000023,8,497,478,1077.1699999999998,134.64624999999998,6.603672785162575,0,3.659590450397009e-17,0,TN
2989418,0,2496365,93.58,1372,,MacOS,anonymous.com,R,0.0,3.0,1.0,2.0,3.0,0.4654659387440648,-1.1228826428763963,1.0253248324223754,0.38871905742408613,-0.420516019512164,21,0,28,39275.0,6,107.65166666666666,405.46,-14.071666666666658,6,490,453,645.91,107.65166666666666,6.5766088351162715,0,2.357911943550213e-17,0,TN
2989419,0,2498003,68.99,1416,,iOS Device,anonymous.com,H,0.0,1.0,3.0,1.0,1.0,0.48913775298251355,-0.966912409078718,-1.1236942842748716,0.9482069241995049,0.4018739760998008,21,0,28,165749.0,13,60.95076923076923,196.09,8.039230769230763,13,493,454,792.36,60.95076923076923,6.582440565056801,0,4.934226776661873e-22,0,TN
2989420,0,2498549,5.09,1030,desktop,SM-G935F Build/NRD90M,yahoo.com,S,2.0,0.0,4.0,1.0,2.0,-1.1006919141682738,0.5108699021053974,0.2366675804279962,-0.7263000490721365,-0.13403483306446298,22,0,28,645533.0,8,60.136250000000004,116.34,-55.04625,8,471,520,481.09000000000003,60.136250000000004,6.59687281335992,0,5.71637403288849e-26,0,TN
2989421,0,2498724,416.55,1367,desktop,Windows,anonymous.com,R,4.0,1.0,0.0,1.0,1.0,0.3438421862307196,-2.3519008887615165,0.26107603306772553,-0.5346401623153313,0.5650567772306557,22,0,28,873814.0,7,66.51,162.86,350.04,7,466,455,465.57,66.51,6.5441995739511825,0,8.373913720457669e-11,0,TN
2989422,0,2499059,49.37,1046,desktop,SM-G935F Build/NRD90M,gmail.com,W,1.0,2.0,3.0,5.0,4.0,0.5929590373930017,0.5774708904139562,0.2525201389222258,-0.4389526691983339,-1.0359568756969704,22,0,28,80145.0,4,98.185,292.35,-48.815000000000005,4,472,485,392.74,98.185,6.573540492402139,0,1.2112445291505382e-18,0,TN
2989423,0,2500872,17.51,1133,,MacOS,gmail.com,R,4.0,2.0,0.0,1.0,1.0,0.14634596202493486,0.3417379123210171,1.4148173247445721,-0.8524674417179748,-0.5681504556837987,22,0,28,114474.0,5,62.95,150.55,-45.44,5,491,486,314.75,62.95,6.6005505400414926,0,8.636446912764395e-26,0,TN
2989424,0,2501202,110.87,1107,mobile,Windows,gmail.com,S,2.0,1.0,3.0,0.0,1.0,0.375460974939515,0.881213736620541,-0.039377031089117435,-0.2803950250828608,0.3843150406059115,22,0,28,152510.0,2,26.32,50.9,84.55000000000001,2,467,487,52.64,26.32,6.567656474305226,0,5.88665542392089e-17,0,TN
2989425,0,2501376,34.45,1071,mobile,SM-G935F Build/NRD90M,,H,2.0,0.0,3.0,4.0,3.0,0.16599417771744604,-0.0875250721481009,0.44786820310211484,0.7552759110467402,-0.025973459981115582,22,0,28,28488.0,7,53.191428571428574,89.11,-18.74142857142857,7,473,479,372.34000000000003,53.191428571428574,6.571163035160348,0,3.494036949296596e-20,0,TN
2989426,0,2501972,89.14,1326,,,anonymous.com,C,2.0,1.0,0.0,1.0,0.0,-0.7802146783994376,1.1570767661471801,1.036029104145215,-0.7697604422266733,-2.999353840639559,22,0,28,143217.0,7,62.38,122.5,26.759999999999998,7,498,456,436.66,62.38,6.589888875353041,0,2.6575311632012726e-18,0,TN
2989427,0,2502582,89.37,1417,desktop,SM-G935F Build/NRD90M,anonymous.com,C,3.0,1.0,1.0,2.0,1.0,-0.46659005747110827,0.9086217496761779,-0.7536358367195777,0.3184603474514073,-0.5648944095243255,23,0,28,124026.0,3,14.393333333333333,31.23,74.97666666666667,3,474,457,43.18,14.393333333333333,6.5564942248874845,0,4.79723494415936e-16,0,TN
2989428,0,2502830,60.01,1107,,,gmail.com,C,1.0,0.0,3.0,3.0,4.0,0.16962963852013713,2.39242768825893,-0.15695183494321216,-2.092160108825195,-1.0935701236068498,23,0,28,1628.0,3,54.50333333333333,110.87,5.506666666666668,3,499,488,163.51,54.50333333333333,6.612444179365865,0,1.914229486125312e-18,0,TN
2989429,0,2503749,181.86,1308,,iOS Device,yahoo.com,H,2.0,3.0,0.0,1.0,4.0,-0.07934561570877012,2.2918227038111816,-1.2723636459144212,0.4180918628368814,-0.16196313121893166,23,0,28,196157.0,3,35.07,55.25,146.79000000000002,3,494,521,105.21,35.07,6.627776790915388,0,3.6211419753410064e-18,0,TN
2989430,0,2506262,31.78,1397,mobile,MacOS,yahoo.com,C,9.0,0.0,4.0,1.0,1.0,-0.6598285120323415,-0.8026060391695387,0.5605482752708422,0.4209410490177345,-3.090382476867436,0,1,29,38130.0,2,31.665,41.66,0.11500000000000199,2,492,522,63.33,31.665,6.625657584824257,0,9.739028156079394e-05,0,TN
2989431,0,2506964,60.54,1271,,SM-G935F Build/NRD90M,anonymous.com,S,1.0,0.0,0.0,1.0,6.0,,3.198839862669508,0.10796921009565393,-0.479888639310222,0.20297699374306893,0,1,29,376073.0,3,29.083333333333332,44.46,31.456666666666667,3,475,458,87.25,29.083333333333332,6.558623244214133,0,1.4969196379562755e-20,0,TN
2989432,0,2507612,78.15,1170,,Windows,anonymous.com,H,1.0,1.0,0.0,2.0,2.0,-0.06896436379980515,1.5171537550630343,0.7356313202877287,-0.573527439077873,0.663373646342533,0,1,29,377874.0,5,71.086,94.7,7.064000000000007,5,468,459,355.43,71.086,6.54965074223381,0,8.636446912764395e-26,0,TN
2989433,0,2509584,109.95,1115,desktop,MacOS,hotmail.com,C,1.0,0.0,3.0,5.0,1.0,-1.3930997129774818,-0.22722779122761352,-0.07929426902782986,0.9341434715895606,-0.6165566274304763,1,1,29,1138890.0,3,162.89333333333332,249.6,-52.943333333333314,3,493,481,488.67999999999995,162.89333333333332,6.59959835334097,0,9.295270786681017e-20,0,TN
2989434,0,2510370,154.23,1328,mobile,SM-G935F Build/NRD90M,anonymous.com,W,2.0,2.0,1.0,4.0,2.0,-0.49635396393232767,-1.2737353139830876,-0.5463233591172444,-1.1260654322316972,-0.27611185351005496,1,1,29,142039.0,6,124.40499999999999,274.95,29.825000000000003,6,476,460,746.43,124.40499999999999,6.56187896228563,0,6.031399812966644e-16,0,TN
2989435,0,2510450,51.22,1073,mobile,Windows,gmail.com,H,1.0,2.0,0.0,1.0,3.0,1.2451648857160154,-0.4878302814744594,0.36355909983923423,1.6346102197273058,-0.7162907992268603,1,1,29,160195.0,7,184.93,340.8,-133.71,7,469,489,1294.51,184.93,6.572562223859305,0,3.776930115780875e-20,0,TN
2989436,0,2513940,104.86,1255,desktop,Windows,,H,2.0,0.0,1.0,3.0,3.0,0.27130545340043055,-0.39658293880108525,1.4406777907129273,-0.08899436636623681,1.5840732432112394,2,1,29,211855.0,3,45.88666666666666,68.92,58.973333333333336,3,470,480,137.66,45.88666666666666,6.567094281739469,0,6.569337719095393e-17,0,TN
2989437,0,2514481,17.32,1080,,Windows,anonymous.com,R,4.0,2.0,2.0,2.0,2.0,,0.5613779747115293,0.581968738151363,-0.5613080583907518,1.3254804390401989,2,1,29,200369.0,5,52.029999999999994,124.71,-34.709999999999994,5,471,461,260.15,52.029999999999994,6.555356891810665,0,1.1756896559455226e-88,0,TN
2989438,0,2514788,270.78,1267,desktop,Windows,anonymous.com,C,1.0,1.0,1.0,7.0,1.0,-0.4565438068092817,-0.906296602985412,-1.429179451944177,-1.7198871066272203,1.1495214383045316,2,1,29,247867.0,7,88.52428571428571,247.32,182.25571428571425,7,472,462,619.67,88.52428571428571,6.557772180332977,0,7.046885493514723e-17,0,TN
2989439,0,2515420,49.3,1127,mobile,SM-G935F Build/NRD90M,gmail.com,W,1.0,1.0,1.0,3.0,1.0,2.4048867158325122,-0.04008143524389426,0.18873212498473937,0.649232541640947,1.897258695745476,2,1,29,99267.0,8,87.2325,202.86,-37.932500000000005,8,477,490,697.86,87.2325,6.584515111129642,0,4.4319520850049173e-11,0,TN
2989440,0,2516925,131.76,1325,mobile,iOS Device,hotmail.com,S,2.0,3.0,1.0,0.0,2.0,-0.034244874655974096,0.6949099590595273,2.1262021390996897,0.08091073831918967,1.3065050440184376,3,1,29,310052.0,7,84.54142857142857,176.78,47.21857142857142,7,495,482,591.79,84.54142857142857,6.603537237890257,0,9.521358213232017e-17,0,TN
2989441,0,2518993,3.06,1402,desktop,,anonymous.com,H,2.0,1.0,5.0,2.0,3.0,0.5373685207103595,-0.9709292346981164,-0.6602089907962808,0.6257489630721268,-0.5291685171121207,3,1,29,349001.0,7,118.28592395553119,398.00146768871826,-115.22592395553119,7,500,463,828.0014676887183,118.28592395553119,6.59741851596555,0,3.776930115780875e-20,0,TN
2989442,0,2519878,23.96,1234,,,yahoo.com,S,3.0,2.0,3.0,2.0,3.0,-0.7221105980332457,-0.12820291182812446,-0.4861673877032549,1.38624332223827,0.10909411148292163,3,1,29,333457.0,12,96.29351509627234,278.67218115526805,-72.33351509627235,12,501,523,1155.522181155268,96.29351509627234,6.63948360005018,0,2.8650709245568355e-20,0,TN
2989443,0,2520228,67.76,1040,,,yahoo.com,S,2.0,2.0,2.0,2.0,2.0,0.4916892139980587,-0.8019087314718392,-1.9580953715711151,-0.7581233595339858,0.5516623087680231,4,1,29,532203.0,7,105.60142857142857,290.51,-37.841428571428565,7,502,524,739.21,105.60142857142857,6.640790448119078,0,2.201290130850024e-20,0,TN
2989444,0,2520606,211.58,1180,mobile,iOS Device,yahoo.com,S,1.0,1.0,2.0,1.0,4.0,-1.3746686619545625,1.7870165190873968,-0.08845640579385781,-0.4241457769867266,0.3201200185397143,4,1,29,385315.0,3,45.406666666666666,59.31,166.17333333333335,3,496,525,136.22,45.406666666666666,6.633055240753525,0,4.768944499418021e-17,0,TN
2989445,0,2526255,75.92,1156,desktop,Windows,,R,2.0,0.0,4.0,4.0,1.0,-0.39875742196121966,-0.6969605743298164,-0.4536769780004469,-0.988993665850248,-1.4539462035722788,5,1,29,793019.0,3,38.72666666666667,97.65,37.193333333333335,3,473,481,116.18,38.72666666666667,6.5720027832852725,0,3.0952791933463425e-22,0,TN
2989446,0,2528666,266.74,1453,desktop,Windows,,S,2.0,0.0,2.0,3.0,2.0,-0.28796260747845037,0.31656182651033504,0.4751575134115192,-0.7438831737677676,0.6729288056343441,6,1,29,61238.0,4,68.5675,98.16,198.1725,4,474,482,274.27,68.5675,6.574238670186556,0,3.6582405785569294e-14,0,TN
2989447,0,2529682,67.13,1058,desktop,MacOS,anonymous.com,C,1.0,2.0,0.0,1.0,2.0,-2.155989294926159,-1.1093784696630649,0.011037638576149445,1.0505190315423125,0.5215913797776752,6,1,29,185934.0,11,88.34636363636363,240.7,-21.21636363636364,11,494,464,971.81,88.34636363636363,6.590438401400665,0,2.1534141929615442e-26,0,TN
2989448,0,2530251,68.42,1344,desktop,,anonymous.com,C,4.0,5.0,2.0,2.0,2.0,0.4664140204526789,-0.8296455934533308,0.18621322788917008,0.8047986104119681,0.5823448057592464,6,1,29,495668.0,4,93.73539458205414,192.24157832821658,-25.31539458205414,4,503,465,374.94157832821656,93.73539458205414,6.602452197772954,0,2.1534141929615442e-26,0,TN
2989449,0,2530426,13.75,1248,mobile,,anonymous.com,W,3.0,3.0,2.0,6.0,2.0,-0.5009788233012885,-0.3884676117458341,0.5536564562057996,0.1143920079370808,0.3254742359803629,6,1,29,345622.0,9,107.84443675307756,265.47993077769814,-94.09443675307756,9,504,466,970.5999307776981,107.84443675307756,6.605162593794602,0,2.1534141929615442e-26,0,TN
2989450,0,2532240,163.28,1191,,Windows,,W,3.0,3.0,3.0,3.0,1.0,0.8212274382110899,-1.2674527663476092,-1.8177999497695203,0.5574458987441068,-0.011218846039840977,7,1,29,347626.0,5,100.20599999999999,284.5,63.07400000000001,5,475,483,501.03,100.20599999999999,6.576469569048224,0,5.081335562403828e-18,0,TN
2989451,0,2532859,29.36,1023,mobile,,anonymous.com,S,2.0,0.0,4.0,5.0,1.0,-0.256748345998042,0.14912277101241664,1.1449944418215292,1.789845502066082,0.6346454425352546,7,1,29,773742.0,4,146.0875,276.66,-116.7275,4,505,467,584.35,146.0875,6.606515041931505,0,2.522794573997789e-22,0,TN
2989452,0,2533009,230.87,1472,,Windows,gmail.com,S,0.0,2.0,5.0,3.0,2.0,-0.9762522416466684,-1.5162090290118742,0.4148585763591761,-0.3863368485886618,-2.0276666200660856,7,1,29,81966.0,8,83.23375,224.97,147.63625000000002,8,476,491,665.87,83.23375,6.583824073855235,0,7.482347577374681e-13,0,TN
2989453,1,2534557,345.1309818751463,1399,mobile,Windows,hotmail.com,R,12.0,3.0,1.0,2.0,3.0,2.557365901646703,0.056083320126753045,0.972931585857353,0.8373314294403941,0.5112494074457636,8,1,29,475167.0,5,84.216,227.16,260.9149818751463,5,477,483,421.08,84.216,6.579251212010101,1,0.9999999999992903,1,TP
2989454,0,2537376,288.02,1435,mobile,Windows,yahoo.com,S,4.0,2.0,0.0,2.0,3.0,-0.13727448149669097,0.06782046576572742,0.4173546101866001,0.6299987514547488,1.027257955742618,8,1,29,704355.0,7,103.96285714285715,453.13,184.05714285714282,7,478,526,727.74,103.96285714285715,6.61029219467525,0,2.440621356304041e-10,0,TN
2989455,0,2538801,74.44,1079,,SM-G935F Build/NRD90M,yahoo.com,S,1.0,3.0,3.0,0.0,2.0,0.040878761609909435,0.14496065450174092,0.38942911437460037,-0.7701493682102998,1.7064111393253059,9,1,29,287241.0,10,69.37899999999999,162.35,5.061000000000007,10,478,527,693.79,69.37899999999999,6.61136876590021,0,1.6310807923525525e-18,0,TN
2989456,0,2540152,114.04,1133,mobile,SM-G935F Build/NRD90M,gmail.com,S,2.0,3.0,1.0,4.0,1.0,0.5186263756835034,0.8150543397958493,-0.1819147364067684,-0.11261816174072259,0.553950766877962,9,1,29,39280.0,6,55.376666666666665,150.55,58.66333333333334,6,479,492,332.26,55.376666666666665,6.588376119787101,0,4.702143388172057e-17,0,TN
2989457,0,2542470,151.74,1420,,SM-G935F Build/NRD90M,anonymous.com,H,0.0,3.0,1.0,1.0,2.0,0.21615718243469662,1.0132382537047926,-0.4890235155106921,-0.6553600668114543,-0.9157231381726889,10,1,29,86248.0,3,293.3824569903573,492.9973709710718,-141.6424569903573,3,480,468,880.1473709710718,293.3824569903573,6.572702035114338,0,9.295270786681017e-20,0,TN
2989458,0,2543239,15.04,1212,desktop,SM-G935F Build/NRD90M,,H,2.0,3.0,0.0,2.0,6.0,-0.6341902803863864,-0.8676811651646361,0.8713153053444118,1.5114392300405821,-0.5106737229359665,10,1,29,1352926.0,3,81.05,145.67,-66.00999999999999,3,481,484,243.14999999999998,81.05,6.5852056712012805,0,2.139497423471932e-18,0,TN
2989459,0,2543584,92.87,1387,desktop,iOS Device,anonymous.com,R,4.0,4.0,3.0,5.0,2.0,-1.7031060275133332,0.3976890930998269,0.43428368447421456,-1.1366546998371323,0.48836071637472755,10,1,29,234115.0,4,30.7375,98.59,62.13250000000001,4,497,469,122.95,30.7375,6.597009266931805,0,9.356043422173703e-16,0,TN
2989460,0,2546472,4.49,1481,,MacOS,anonymous.com,R,2.0,1.0,0.0,2.0,4.0,,0.009179706531567362,-0.34425556525382484,-2.0875635144213236,0.43224286627937714,11,1,29,732664.0,6,198.8362252473255,539.64,-194.3462252473255,6,495,470,1193.017351483953,198.8362252473255,6.595233916516711,0,4.6177455709614414e-20,0,TN
2989461,0,2546891,69.83,1347,mobile,MacOS,yahoo.com,C,2.0,1.0,1.0,1.0,5.0,-0.1850249094634809,0.9584374337715359,1.3328818412882943,-1.5681136228627588,-1.0435663118193677,11,1,29,798698.0,6,101.13,264.63,-31.299999999999997,6,496,528,606.78,101.13,6.635421483477155,0,5.134639120380275e-20,0,TN
2989462,0,2547719,17.82,1165,,Windows,yahoo.com,R,1.0,4.0,2.0,1.0,2.0,-0.02405900236888908,-0.5057056956123354,-0.18639204303315607,-0.5582760567114169,0.14793946496920476,11,1,29,938631.0,4,87.5775,203.27,-69.7575,4,479,529,350.31,87.5775,6.61324998118223,0,2.1534141929615442e-26,0,TN
2989463,0,2548892,21.2,1424,,,,C,2.0,2.0,0.0,2.0,0.0,1.4456411941183396,-1.7243033305298663,0.40415173466185256,0.27633209385900465,-0.18342665225171625,12,1,29,735887.0,6,134.335,175.02,-113.135,6,506,485,806.01,134.335,6.620206530975591,0,1.68112208988056e-22,0,TN
2989464,0,2549016,46.42,1347,desktop,SM-G935F Build/NRD90M,yahoo.com,S,3.0,3.0,3.0,1.0,2.0,,-0.2071754161357298,-1.1485987459239486,-1.4841720258816617,-0.28573939270294263,12,1,29,2125.0,7,96.65857142857143,264.63,-50.23857142857143,7,482,530,676.61,96.65857142857143,6.61833836923664,0,3.5430000550996e-17,0,TN
2989465,0,2549560,57.64,1336,mobile,MacOS,anonymous.com,R,4.0,0.0,3.0,1.0,6.0,,-0.04316101813466109,-0.44787359537009286,0.24747177583357383,0.08736575544291511,12,1,29,1865263.0,5,207.592,332.55,-149.952,5,497,471,1037.96,207.592,6.598509028614515,0,2.1220793609442292e-18,0,TN
2989466,0,2552004,98.6,1397,desktop,MacOS,gmail.com,R,6.0,3.0,6.0,1.0,2.0,0.4350833380298852,1.1696110423597494,-1.1082884778021878,0.3627740267820377,0.05733031777393627,12,1,29,45742.0,3,31.703333333333333,41.66,66.89666666666666,3,498,493,95.11,31.703333333333333,6.61445746774472,0,2.0090814135268044e-05,0,TN
2989467,0,2554552,8.73,1070,mobile,SM-G935F Build/NRD90M,,R,1.0,2.0,1.0,0.0,4.0,-0.4615351914644335,0.8609798973847307,-1.0972844235859331,-0.37959221543832483,1.566116617619569,13,1,29,254579.0,6,132.16166666666666,338.66,-123.43166666666666,6,483,486,792.97,132.16166666666666,6.589751446643967,0,1.390872803822846e-22,0,TN
2989468,0,2557184,71.06,1213,,iOS Device,gmail.com,C,0.0,2.0,3.0,2.0,1.0,-0.673700894212644,-1.2503458670971221,-0.19663329236164473,-0.1702573493113449,-1.9768481700655238,14,1,29,1434236.0,4,99.63,249.28,-28.569999999999993,4,498,494,398.52,99.63,6.615261649533134,0,7.039344561701082e-20,0,TN
2989469,0,2557258,21.17,1434,desktop,iOS Device,anonymous.com,C,0.0,2.0,4.0,1.0,2.0,,1.1543865754809148,-0.5333939150959331,0.5070848144912868,-0.0404007286715311,14,1,29,614627.0,6,98.77166666666666,254.44,-77.60166666666666,6,499,472,592.63,98.77166666666666,6.602045004010965,0,9.121077052157531e-20,0,TN
2989470,0,2558551,86.33,1064,mobile,MacOS,,W,1.0,1.0,5.0,2.0,1.0,-0.601774611271441,-0.9263137669630848,0.9589193185460153,0.2762725861417268,0.0026301429054939665,14,1,29,2040417.0,4,242.7825,342.95,-156.4525,4,499,487,971.13,242.7825,6.611906617197295,0,2.2712520949399604e-22,0,TN
2989471,0,2558589,102.45,1220,,iOS Device,gmail.com,C,0.0,3.0,2.0,3.0,2.0,-0.7540209264133364,-0.8477868976234401,-0.6368650528682652,0.12858389417447283,-1.8296314258918984,14,1,29,540847.0,8,116.055,312.56,-13.605000000000004,8,500,495,928.44,116.055,6.619139437370265,0,1.0406580197120733e-19,0,TN
2989472,1,2561368,246.40960608622507,1307,desktop,SM-G935F Build/NRD90M,,C,8.0,6.0,5.0,0.0,3.0,3.1681939912059285,0.1506159754273152,0.48539653567974794,-1.9779303491439597,0.7038031546290775,15,1,29,111051.0,9,108.59515987990703,296.6264389191632,137.81444620631805,9,484,488,977.3564389191632,108.59515987990703,6.592907538457586,1,0.9999999999783136,1,TP
2989473,0,2561939,135.05,1478,,MacOS,anonymous.com,H,2.0,3.0,1.0,2.0,2.0,-0.684791948914305,0.18891885952308707,-0.7413134295589344,-0.6069671003976068,0.8485704364136561,15,1,29,1315768.0,4,189.01863706222608,261.0945482489043,-53.968637062226065,4,500,473,756.0745482489043,189.01863706222608,6.603808314064321,0,7.267117560325088e-20,0,TN
2989474,0,2562048,41.89,1285,mobile,SM-G935F Build/NRD90M,,R,1.0,2.0,1.0,5.0,2.0,,-0.14722676512828528,-0.011168217769385475,-1.1513862710236975,-1.5812169406840715,15,1,29,1105193.0,3,71.44666666666667,104.61,-29.556666666666672,3,485,489,214.34,71.44666666666667,6.594139824503851,0,9.940259276073909e-26,0,TN
2989475,0,2563414,145.86,1184,,iOS Device,anonymous.com,C,1.0,1.0,3.0,2.0,1.0,0.1471503084567735,-0.1400745840036683,-1.0972422003221702,0.6107151718217869,0.7929569750550931,16,1,29,566377.0,2,101.95,148.61,43.91000000000001,2,501,474,203.9,101.95,6.605568520327474,0,6.801506298230535e-20,0,TN
2989476,0,2563554,57.7,1206,desktop,SM-G935F Build/NRD90M,,R,1.0,3.0,1.0,1.0,4.0,-1.1438713912728156,-1.2960357559066769,0.665585554478982,-0.46953608256684437,-0.8540098228992619,16,1,29,267781.0,5,64.936,186.24,-7.236000000000004,5,486,490,324.68,64.936,6.596463340891223,0,1.7644114030636782e-18,0,TN
2989477,0,2570813,67.2,1465,desktop,iOS Device,,R,0.0,2.0,1.0,5.0,5.0,0.3525269257012862,-0.10263525683688673,1.477927016748845,1.4518356882814403,0.363807995155076,18,1,29,691688.0,3,104.43333333333334,190.11,-37.233333333333334,3,502,491,313.3,104.43333333333334,6.618471925163382,0,3.044966297879543e-17,0,TN
2989478,0,2571284,105.44,1098,mobile,iOS Device,yahoo.com,H,1.0,2.0,1.0,3.0,0.0,,1.2127879439400417,-1.1635398753506276,1.2020403236116735,0.22008528343029912,18,1,29,446435.0,2,46.16,52.66,59.28,2,503,531,92.32,46.16,6.646000828540272,0,4.744396256696503e-17,0,TN
2989479,1,2571595,235.28116389503626,1241,desktop,SM-G935F Build/NRD90M,anonymous.com,R,8.0,2.0,3.0,3.0,2.0,1.5934441460461448,-0.08479275407105243,0.578054790629748,1.3432766261827889,0.24094598286704486,18,1,29,1430049.0,6,69.38333333333334,113.82,165.8978305617029,6,487,475,416.3,69.38333333333334,6.587687746386201,1,0.9998814856774586,1,TP
2989480,0,2571767,107.13,1157,,iOS Device,hotmail.com,C,3.0,1.0,1.0,1.0,3.0,0.32803169439152724,1.7899457337398126,1.5953029253424822,-0.3723134595946008,-2.1310542959154484,18,1,29,749951.0,7,106.73285714285714,346.52,0.39714285714285325,7,504,484,747.13,106.73285714285714,6.61700182800587,0,5.991218531776162e-16,0,TN
2989481,0,2573230,97.39,1097,desktop,Windows,,R,1.0,0.0,2.0,0.0,2.0,1.5057019033587782,-0.0006838238778485693,-0.8208449586446834,-0.6405075871726384,-1.6785478618949148,18,1,29,1424101.0,1,14.91,14.91,82.48,1,480,492,14.91,14.91,6.5890640196560115,0,5.320767474077539e-15,0,TN
2989482,0,2574031,38.08,1041,,SM-G935F Build/NRD90M,gmail.com,W,4.0,2.0,3.0,5.0,0.0,-0.1402865255698468,-0.8411263124933439,1.4597755166116901,-0.3584080412929157,0.21791252160094626,19,1,29,525466.0,3,32.77666666666667,55.52,5.3033333333333275,3,488,496,98.33000000000001,32.77666666666667,6.602994864995605,0,5.899870779614138e-20,0,TN
2989483,0,2574082,9.97,1138,mobile,Windows,yahoo.com,W,3.0,1.0,3.0,3.0,4.0,-0.9318075084265547,-0.8975665901174884,0.03344428052325381,0.9467386598761883,0.5299907694115449,19,1,29,182269.0,6,132.6621441284319,291.07,-122.69214412843189,6,481,532,795.9728647705913,132.6621441284319,6.618204795470328,0,1.4581641385321822e-18,0,TN
2989484,0,2575969,10.53,1282,desktop,SM-G935F Build/NRD90M,yahoo.com,H,0.0,2.0,0.0,1.0,6.0,0.516223088181932,1.0856911669226201,-0.11409595969306653,1.1741820394347946,-0.9231761179479103,19,1,29,1530377.0,3,94.28666666666668,177.13,-83.75666666666667,3,489,533,282.86,94.28666666666668,6.629099017737668,0,3.5153428734569524e-20,0,TN
2989485,0,2577106,257.69,1407,desktop,iOS Device,,C,2.0,1.0,4.0,4.0,3.0,0.5435144280093478,0.28890732899696725,-0.29425714149242577,-0.2621654102209777,1.3728848413228343,19,1,29,1637618.0,3,132.04,292.41,125.65,3,505,493,396.12,132.04,6.6237995882711695,0,8.039773151655673e-13,0,TN
2989486,0,2577918,117.89,1226,mobile,iOS Device,hotmail.com,H,3.0,5.0,3.0,1.0,1.0,0.262571796534688,-1.4065092814422535,-0.27862440387763737,1.1336745652093458,-0.6384617015939563,20,1,29,266218.0,7,109.45285714285714,197.26,8.43714285714286,7,506,485,766.17,109.45285714285714,6.620339837647787,0,7.107106076325809e-20,0,TN
2989487,0,2578518,14.59,1422,mobile,MacOS,yahoo.com,W,4.0,2.0,0.0,4.0,0.0,-0.02955502123356999,0.14502477410538908,-1.218319332863638,-0.23668456787918515,-0.3449742592655826,20,1,29,818239.0,4,153.03250000000003,320.11,-138.44250000000002,4,501,534,612.1300000000001,153.03250000000003,6.645610990318195,0,1.5275155457807683e-22,0,TN
2989488,0,2581238,45.12,1071,desktop,MacOS,anonymous.com,C,2.0,2.0,0.0,1.0,1.0,-1.0995707289933725,0.5378002469296181,-0.5818102223340379,0.1980754734363724,-0.1622022563130057,21,1,29,79862.0,8,50.84875,89.11,-5.728750000000005,8,502,476,406.79,50.84875,6.60907966505549,0,3.055955431170146e-20,0,TN
2989489,0,2582017,90.77,1242,,Windows,,R,3.0,1.0,2.0,1.0,4.0,-1.1462107512690782,-1.2968452838243694,2.1375969786161897,-0.4463453457320231,0.24145208865829754,21,1,29,155850.0,3,114.11666666666667,195.19,-23.34666666666668,3,482,494,342.35,114.11666666666667,6.593455408626064,0,3.433655636448478e-20,0,TN
2989490,0,2582481,181.53,1017,desktop,iOS Device,,C,0.0,1.0,1.0,2.0,1.0,-0.3829831176922349,-0.2308596708327131,-1.4268648855669124,2.0022291236103715,-0.10048722671017546,21,1,29,347734.0,4,150.0475,522.48,31.482499999999987,4,507,495,600.19,150.0475,6.627909092298131,0,9.410461231681569e-20,0,TN
2989491,0,2583505,5.46,1076,mobile,MacOS,hotmail.com,S,2.0,2.0,1.0,7.0,3.0,-1.0221226737270812,-0.8517828976046558,0.17616233964637093,1.8712678244839414,-0.30275099569770914,21,1,29,569900.0,7,110.78142857142858,244.28,-105.32142857142858,7,503,486,775.47,110.78142857142858,6.61700182800587,0,1.7931070268674898e-18,0,TN
2989492,0,2587256,28.0,1044,mobile,iOS Device,anonymous.com,C,1.0,3.0,2.0,3.0,1.0,0.8073727332025166,-0.4487131007077912,-0.08413619453143376,0.7889585123250369,-0.09967110930526354,22,1,29,1871995.0,1,58.01,58.01,-30.009999999999998,1,508,477,58.01,58.01,6.616868075581408,0,3.2280663972701985e-22,0,TN
2989493,0,2587402,221.5,1471,desktop,SM-G935F Build/NRD90M,anonymous.com,R,3.0,2.0,2.0,4.0,0.0,-1.573081343851368,-0.995568686919029,-0.1501516253705399,-0.24120761814317895,0.2310449365589254,22,1,29,113690.0,8,93.05606918043482,299.68855344347855,128.4439308195652,8,490,478,744.4485534434785,93.05606918043482,6.594139824503851,0,3.329071007784879e-14,0,TN
2989494,0,2589692,1.92,1370,,MacOS,hotmail.com,S,1.0,6.0,0.0,1.0,1.0,-0.06004233605477625,-1.9406241112353324,-0.797855884142356,-1.7134925279380502,0.2420512683855865,23,1,29,724693.0,2,184.715,195.46,-182.79500000000002,2,504,487,369.43,184.715,6.61833836923664,0,1.1338099759932719e-18,0,TN
2989495,0,2590171,23.49,1342,desktop,Windows,gmail.com,H,4.0,1.0,3.0,0.0,3.0,-0.14533192121249833,-1.3911595697020778,-1.7328599494029626,0.06505235658840328,0.27944426157969365,23,1,29,147441.0,5,141.27,301.59,-117.78000000000002,5,483,497,706.35,141.27,6.597145701886651,0,3.433655636448478e-20,0,TN
2989496,0,2590397,320.48,1139,desktop,MacOS,anonymous.com,C,1.0,0.0,1.0,2.0,3.0,0.5606443617329189,0.9909692253925375,0.2790638308275965,0.5787446881361847,-0.005085983195297268,23,1,29,183309.0,2,64.925,120.76,255.555,2,505,479,129.85,64.925,6.614323374549749,0,3.3621625807836983e-15,0,TN
2989497,0,2590994,96.04,1176,desktop,iOS Device,gmail.com,H,3.0,6.0,2.0,4.0,1.0,0.7188260645009302,-0.5730706436170148,-0.6508533080464296,-1.4168851760431753,0.6864767339191815,23,1,29,1526555.0,2,92.72500000000001,153.86,3.3149999999999977,2,509,498,185.45000000000002,92.72500000000001,6.632265247295718,0,3.7822430478662125e-15,0,TN
2989498,0,2591059,31.34,1221,mobile,,gmail.com,C,5.0,0.0,2.0,3.0,2.0,-0.7718542299663337,1.8101679459759388,0.08575918626161451,1.7506072956832064,0.16551732697517085,23,1,29,259957.0,5,74.038,174.73,-42.69799999999999,5,507,499,370.19,74.038,6.630683385642372,0,7.252109187370242e-15,0,TN
2989499,0,2591240,7.93,1414,mobile,,,W,1.0,2.0,3.0,2.0,0.0,1.2874726763599822,-1.0522192333497173,-0.7469820866631615,1.4144701141017342,0.28880679554535293,23,1,29,161446.0,4,66.7275,159.76,-58.79750000000001,4,508,496,266.91,66.7275,6.629891515467694,0,2.1943012429797907e-22,0,TN
